,id,season,city,date,match_type,player_of_match,venue,team1,team2,toss_winner,toss_decision,winner,result,result_margin,target_runs,target_overs,super_over,method,umpire1,umpire2
636,1136561,2018,Mumbai,07-04-2018,League,DJ Bravo,Wankhede Stadium,MI,CSK,Chennai Super Kings,field,CSK,wickets,1,166,20,N,,CB Gaffaney,A Nand Kishore
637,1136562,2018,Chandigarh,08-04-2018,League,KL Rahul,Punjab Cricket Association IS Bindra Stadium,DC,KXIP,Kings XI Punjab,field,KXIP,wickets,6,167,20,N,,KN Ananthapadmanabhan,RJ Tucker
638,1136563,2018,Kolkata,08-04-2018,League,SP Narine,Eden Gardens,RCB,KKR,Kolkata Knight Riders,field,KKR,wickets,4,177,20,N,,A Deshmukh,C Shamshuddin
639,1136564,2018,Hyderabad,09-04-2018,League,S Dhawan,Rajiv Gandhi International Stadium,RR,SRH,Sunrisers Hyderabad,field,SRH,wickets,9,126,20,N,,NJ Llong,VA Kulkarni
640,1136565,2018,Chennai,10-04-2018,League,SW Billings,MA Chidambaram Stadium,KKR,CSK,Chennai Super Kings,field,CSK,wickets,5,203,20,N,,AK Chaudhary,CB Gaffaney
641,1136566,2018,Jaipur,11-04-2018,League,SV Samson,Sawai Mansingh Stadium,RR,DC,Delhi Daredevils,field,RR,runs,10,71,6,N,D/L,KN Ananthapadmanabhan,Nitin Menon
642,1136567,2018,Hyderabad,12-04-2018,League,Rashid Khan,Rajiv Gandhi International Stadium,MI,SRH,Sunrisers Hyderabad,field,SRH,wickets,1,148,20,N,,CK Nandan,NJ Llong
643,1136568,2018,Bengaluru,13-04-2018,League,UT Yadav,M.Chinnaswamy Stadium,KXIP,RCB,Royal Challengers Bangalore,field,RCB,wickets,4,156,20,N,,A Deshmukh,S Ravi
644,1136569,2018,Mumbai,14-04-2018,League,JJ Roy,Wankhede Stadium,MI,DC,Delhi Daredevils,field,DC,wickets,7,195,20,N,,KN Ananthapadmanabhan,Nitin Menon
645,1136570,2018,Kolkata,14-04-2018,League,B Stanlake,Eden Gardens,KKR,SRH,Sunrisers Hyderabad,field,SRH,wickets,5,139,20,N,,AK Chaudhary,A Nand Kishore
646,1136571,2018,Bengaluru,15-04-2018,League,SV Samson,M.Chinnaswamy Stadium,RR,RCB,Royal Challengers Bangalore,field,RR,runs,19,218,20,N,,C Shamshuddin,S Ravi
647,1136572,2018,Chandigarh,15-04-2018,League,CH Gayle,Punjab Cricket Association IS Bindra Stadium,KXIP,CSK,Chennai Super Kings,field,KXIP,runs,4,198,20,N,,CK Nandan,VA Kulkarni
648,1136573,2018,Kolkata,16-04-2018,League,N Rana,Eden Gardens,KKR,DC,Delhi Daredevils,field,KKR,runs,71,201,20,N,,AK Chaudhary,A Nand Kishore
649,1136574,2018,Mumbai,17-04-2018,League,RG Sharma,Wankhede Stadium,MI,RCB,Royal Challengers Bangalore,field,MI,runs,46,214,20,N,,Nitin Menon,RJ Tucker
650,1136575,2018,Jaipur,18-04-2018,League,N Rana,Sawai Mansingh Stadium,RR,KKR,Kolkata Knight Riders,field,KKR,wickets,7,161,20,N,,A Deshmukh,S Ravi
651,1136576,2018,Chandigarh,19-04-2018,League,CH Gayle,Punjab Cricket Association IS Bindra Stadium,KXIP,SRH,Kings XI Punjab,bat,KXIP,runs,15,194,20,N,,AK Chaudhary,NJ Llong
652,1136577,2018,Pune,20-04-2018,League,SR Watson,Maharashtra Cricket Association Stadium,CSK,RR,Rajasthan Royals,field,CSK,runs,64,205,20,N,,KN Ananthapadmanabhan,Nitin Menon
653,1136578,2018,Kolkata,21-04-2018,League,KL Rahul,Eden Gardens,KKR,KXIP,Kings XI Punjab,field,KXIP,wickets,9,125,13,N,D/L,A Deshmukh,C Shamshuddin
654,1136579,2018,Bengaluru,21-04-2018,League,AB de Villiers,M.Chinnaswamy Stadium,DC,RCB,Royal Challengers Bangalore,field,RCB,wickets,6,175,20,N,,CB Gaffaney,CK Nandan
655,1136580,2018,Hyderabad,22-04-2018,League,AT Rayudu,Rajiv Gandhi International Stadium,CSK,SRH,Sunrisers Hyderabad,field,CSK,runs,4,183,20,N,,AK Chaudhary,VA Kulkarni
656,1136581,2018,Jaipur,22-04-2018,League,JC Archer,Sawai Mansingh Stadium,MI,RR,Mumbai Indians,bat,RR,wickets,3,168,20,N,,KN Ananthapadmanabhan,RJ Tucker
657,1136582,2018,Delhi,23-04-2018,League,AS Rajpoot,Arun Jaitley Stadium,KXIP,DC,Delhi Daredevils,field,KXIP,runs,4,144,20,N,,A Nand Kishore,CK Nandan
658,1136583,2018,Mumbai,24-04-2018,League,Rashid Khan,Wankhede Stadium,SRH,MI,Mumbai Indians,field,SRH,runs,31,119,20,N,,C Shamshuddin,S Ravi
659,1136584,2018,Bengaluru,25-04-2018,League,MS Dhoni,M.Chinnaswamy Stadium,RCB,CSK,Chennai Super Kings,field,CSK,wickets,5,206,20,N,,NJ Llong,VK Sharma
660,1136585,2018,Hyderabad,26-04-2018,League,AS Rajpoot,Rajiv Gandhi International Stadium,SRH,KXIP,Kings XI Punjab,field,SRH,runs,13,133,20,N,,CK Nandan,YC Barde
661,1136586,2018,Delhi,27-04-2018,League,SS Iyer,Arun Jaitley Stadium,DC,KKR,Kolkata Knight Riders,field,DC,runs,55,220,20,N,,C Shamshuddin,S Ravi
662,1136587,2018,Pune,28-04-2018,League,RG Sharma,Maharashtra Cricket Association Stadium,CSK,MI,Mumbai Indians,field,MI,wickets,8,170,20,N,,CB Gaffaney,Nitin Menon
663,1136588,2018,Jaipur,29-04-2018,League,KS Williamson,Sawai Mansingh Stadium,SRH,RR,Sunrisers Hyderabad,bat,SRH,runs,11,152,20,N,,BNJ Oxenford,A Nand Kishore
664,1136589,2018,Bengaluru,29-04-2018,League,CA Lynn,M.Chinnaswamy Stadium,RCB,KKR,Kolkata Knight Riders,field,KKR,wickets,6,176,20,N,,AK Chaudhary,NJ Llong
665,1136590,2018,Pune,30-04-2018,League,SR Watson,Maharashtra Cricket Association Stadium,CSK,DC,Delhi Daredevils,field,CSK,runs,13,212,20,N,,AY Dandekar,C Shamshuddin
666,1136591,2018,Bengaluru,01-05-2018,League,TG Southee,M.Chinnaswamy Stadium,RCB,MI,Mumbai Indians,field,RCB,runs,14,168,20,N,,M Erasmus,Nitin Menon
667,1136592,2018,Delhi,02-05-2018,League,RR Pant,Arun Jaitley Stadium,DC,RR,Rajasthan Royals,field,DC,runs,4,151,12,N,D/L,CK Nandan,VK Sharma
668,1136593,2018,Kolkata,03-05-2018,League,SP Narine,Eden Gardens,CSK,KKR,Kolkata Knight Riders,field,KKR,wickets,6,178,20,N,,A Deshmukh,HDPK Dharmasena
669,1136594,2018,Indore,04-05-2018,League,SA Yadav,Holkar Cricket Stadium,KXIP,MI,Mumbai Indians,field,MI,wickets,6,175,20,N,,AY Dandekar,S Ravi
670,1136595,2018,Pune,05-05-2018,League,RA Jadeja,Maharashtra Cricket Association Stadium,RCB,CSK,Chennai Super Kings,field,CSK,wickets,6,128,20,N,,Nitin Menon,YC Barde
671,1136596,2018,Hyderabad,05-05-2018,League,Rashid Khan,Rajiv Gandhi International Stadium,DC,SRH,Delhi Daredevils,bat,SRH,wickets,7,164,20,N,,BNJ Oxenford,CK Nandan
672,1136597,2018,Mumbai,06-05-2018,League,HH Pandya,Wankhede Stadium,MI,KKR,Kolkata Knight Riders,field,MI,runs,13,182,20,N,,A Deshmukh,HDPK Dharmasena
673,1136598,2018,Indore,06-05-2018,League,Mujeeb Ur Rahman,Holkar Cricket Stadium,RR,KXIP,Kings XI Punjab,field,KXIP,wickets,6,153,20,N,,C Shamshuddin,S Ravi
674,1136599,2018,Hyderabad,07-05-2018,League,KS Williamson,Rajiv Gandhi International Stadium,SRH,RCB,Royal Challengers Bangalore,field,SRH,runs,5,147,20,N,,BNJ Oxenford,VK Sharma
675,1136600,2018,Jaipur,08-05-2018,League,JC Buttler,Sawai Mansingh Stadium,RR,KXIP,Rajasthan Royals,bat,RR,runs,15,159,20,N,,M Erasmus,Nitin Menon
676,1136601,2018,Kolkata,09-05-2018,League,Ishan Kishan,Eden Gardens,MI,KKR,Kolkata Knight Riders,field,MI,runs,102,211,20,N,,KN Ananthapadmanabhan,AK Chaudhary
677,1136602,2018,Delhi,10-05-2018,League,S Dhawan,Arun Jaitley Stadium,DC,SRH,Delhi Daredevils,bat,SRH,wickets,9,188,20,N,,AY Dandekar,C Shamshuddin
678,1136603,2018,Jaipur,11-05-2018,League,JC Buttler,Sawai Mansingh Stadium,CSK,RR,Chennai Super Kings,bat,RR,wickets,4,177,20,N,,M Erasmus,YC Barde
679,1136604,2018,Indore,12-05-2018,League,SP Narine,Holkar Cricket Stadium,KKR,KXIP,Kings XI Punjab,field,KKR,runs,31,246,20,N,,CK Nandan,VK Sharma
680,1136605,2018,Delhi,12-05-2018,League,AB de Villiers,Arun Jaitley Stadium,DC,RCB,Royal Challengers Bangalore,field,RCB,wickets,5,182,20,N,,KN Ananthapadmanabhan,HDPK Dharmasena
681,1136606,2018,Pune,13-05-2018,League,AT Rayudu,Maharashtra Cricket Association Stadium,SRH,CSK,Chennai Super Kings,field,CSK,wickets,8,180,20,N,,M Erasmus,YC Barde
682,1136607,2018,Mumbai,13-05-2018,League,JC Buttler,Wankhede Stadium,MI,RR,Rajasthan Royals,field,RR,wickets,7,169,20,N,,Nitin Menon,S Ravi
683,1136608,2018,Indore,14-05-2018,League,UT Yadav,Holkar Cricket Stadium,KXIP,RCB,Royal Challengers Bangalore,field,RCB,wickets,10,89,20,N,,BNJ Oxenford,VK Sharma
684,1136609,2018,Kolkata,15-05-2018,League,Kuldeep Yadav,Eden Gardens,RR,KKR,Kolkata Knight Riders,field,KKR,wickets,6,143,20,N,,AK Chaudhary,HDPK Dharmasena
685,1136610,2018,Mumbai,16-05-2018,League,JJ Bumrah,Wankhede Stadium,MI,KXIP,Kings XI Punjab,field,MI,runs,3,187,20,N,,M Erasmus,Nitin Menon
686,1136611,2018,Bengaluru,17-05-2018,League,AB de Villiers,M.Chinnaswamy Stadium,RCB,SRH,Sunrisers Hyderabad,field,RCB,runs,14,219,20,N,,AY Dandekar,S Ravi
687,1136612,2018,Delhi,18-05-2018,League,HV Patel,Arun Jaitley Stadium,DC,CSK,Chennai Super Kings,field,DC,runs,34,163,20,N,,HDPK Dharmasena,VA Kulkarni
688,1136613,2018,Jaipur,19-05-2018,League,S Gopal,Sawai Mansingh Stadium,RR,RCB,Rajasthan Royals,bat,RR,runs,30,165,20,N,,BNJ Oxenford,VK Sharma
689,1136614,2018,Hyderabad,19-05-2018,League,CA Lynn,Rajiv Gandhi International Stadium,SRH,KKR,Sunrisers Hyderabad,bat,KKR,wickets,5,173,20,N,,AK Chaudhary,S Ravi
690,1136615,2018,Delhi,20-05-2018,League,A Mishra,Arun Jaitley Stadium,DC,MI,Delhi Daredevils,bat,DC,runs,11,175,20,N,,HDPK Dharmasena,CK Nandan
691,1136616,2018,Pune,20-05-2018,League,L Ngidi,Maharashtra Cricket Association Stadium,KXIP,CSK,Chennai Super Kings,field,CSK,wickets,5,154,20,N,,Nitin Menon,YC Barde
692,1136617,2018,Mumbai,22-05-2018,Qualifier 1,F du Plessis,Wankhede Stadium,SRH,CSK,Chennai Super Kings,field,CSK,wickets,2,140,20,N,,C Shamshuddin,M Erasmus
693,1136618,2018,Kolkata,23-05-2018,Eliminator,AD Russell,Eden Gardens,KKR,RR,Rajasthan Royals,field,KKR,runs,25,170,20,N,,AK Chaudhary,Nitin Menon
694,1136619,2018,Kolkata,25-05-2018,Qualifier 2,Rashid Khan,Eden Gardens,SRH,KKR,Kolkata Knight Riders,field,SRH,runs,14,175,20,N,,HDPK Dharmasena,Nitin Menon
695,1136620,2018,Mumbai,27-05-2018,Final,SR Watson,Wankhede Stadium,SRH,CSK,Chennai Super Kings,field,CSK,wickets,8,179,20,N,,M Erasmus,S Ravi
696,1175356,2019,Chennai,23-03-2019,League,Harbhajan Singh,MA Chidambaram Stadium,RCB,CSK,Chennai Super Kings,field,CSK,wickets,7,71,20,N,,AY Dandekar,BNJ Oxenford
697,1175357,2019,Kolkata,24-03-2019,League,AD Russell,Eden Gardens,SRH,KKR,Kolkata Knight Riders,field,KKR,wickets,6,182,20,N,,AK Chaudhary,CB Gaffaney
698,1175358,2019,Mumbai,24-03-2019,League,RR Pant,Wankhede Stadium,DC,MI,Mumbai Indians,field,DC,runs,37,214,20,N,,S Ravi,YC Barde
699,1175359,2019,Jaipur,25-03-2019,League,CH Gayle,Sawai Mansingh Stadium,KXIP,RR,Rajasthan Royals,field,KXIP,runs,14,185,20,N,,C Shamshuddin,KN Ananthapadmanabhan
700,1175360,2019,Delhi,26-03-2019,League,SR Watson,Arun Jaitley Stadium,DC,CSK,Delhi Capitals,bat,CSK,wickets,6,148,20,N,,M Erasmus,Nitin Menon
701,1175361,2019,Kolkata,27-03-2019,League,AD Russell,Eden Gardens,KKR,KXIP,Kings XI Punjab,field,KKR,runs,28,219,20,N,,AK Chaudhary,VA Kulkarni
702,1175362,2019,Bengaluru,28-03-2019,League,JJ Bumrah,M.Chinnaswamy Stadium,MI,RCB,Royal Challengers Bangalore,field,MI,runs,6,188,20,N,,CK Nandan,S Ravi
703,1175363,2019,Hyderabad,29-03-2019,League,Rashid Khan,Rajiv Gandhi International Stadium,RR,SRH,Rajasthan Royals,bat,SRH,wickets,5,199,20,N,,BNJ Oxenford,C Shamshuddin
704,1175364,2019,Chandigarh,30-03-2019,League,MA Agarwal,Punjab Cricket Association IS Bindra Stadium,MI,KXIP,Kings XI Punjab,field,KXIP,wickets,8,177,20,N,,CB Gaffaney,VA Kulkarni
705,1175365,2019,Delhi,30-03-2019,League,PP Shaw,Arun Jaitley Stadium,KKR,DC,Delhi Capitals,field,DC,tie,,186,20,Y,,AY Dandekar,Nitin Menon
706,1175366,2019,Hyderabad,31-03-2019,League,JM Bairstow,Rajiv Gandhi International Stadium,SRH,RCB,Royal Challengers Bangalore,field,SRH,runs,118,232,20,N,,KN Ananthapadmanabhan,S Ravi
707,1175367,2019,Chennai,31-03-2019,League,MS Dhoni,MA Chidambaram Stadium,CSK,RR,Rajasthan Royals,field,CSK,runs,8,176,20,N,,CK Nandan,YC Barde
708,1175368,2019,Chandigarh,01-04-2019,League,SM Curran,Punjab Cricket Association IS Bindra Stadium,KXIP,DC,Delhi Capitals,field,KXIP,runs,14,167,20,N,,AK Chaudhary,CB Gaffaney
709,1175369,2019,Jaipur,02-04-2019,League,S Gopal,Sawai Mansingh Stadium,RCB,RR,Rajasthan Royals,field,RR,wickets,7,159,20,N,,AY Dandekar,M Erasmus
710,1175370,2019,Mumbai,03-04-2019,League,HH Pandya,Wankhede Stadium,MI,CSK,Chennai Super Kings,field,MI,runs,37,171,20,N,,BNJ Oxenford,RJ Tucker
711,1175371,2019,Delhi,04-04-2019,League,JM Bairstow,Arun Jaitley Stadium,DC,SRH,Sunrisers Hyderabad,field,SRH,wickets,5,130,20,N,,C Shamshuddin,KN Ananthapadmanabhan
712,1175372,2019,Bengaluru,05-04-2019,League,AD Russell,M.Chinnaswamy Stadium,RCB,KKR,Kolkata Knight Riders,field,KKR,wickets,5,206,20,N,,AK Chaudhary,CB Gaffaney
713,1178393,2019,Chennai,06-04-2019,League,Harbhajan Singh,MA Chidambaram Stadium,CSK,KXIP,Chennai Super Kings,bat,CSK,runs,22,161,20,N,,KN Ananthapadmanabhan,RJ Tucker
714,1178394,2019,Hyderabad,06-04-2019,League,AS Joseph,Rajiv Gandhi International Stadium,MI,SRH,Sunrisers Hyderabad,field,MI,runs,40,137,20,N,,AY Dandekar,Nitin Menon
715,1178395,2019,Bengaluru,07-04-2019,League,K Rabada,M.Chinnaswamy Stadium,RCB,DC,Delhi Capitals,field,DC,wickets,4,150,20,N,,S Ravi,YC Barde
716,1178396,2019,Jaipur,07-04-2019,League,HF Gurney,Sawai Mansingh Stadium,RR,KKR,Kolkata Knight Riders,field,KKR,wickets,8,140,20,N,,AK Chaudhary,CB Gaffaney
717,1178397,2019,Chandigarh,08-04-2019,League,KL Rahul,Punjab Cricket Association IS Bindra Stadium,SRH,KXIP,Kings XI Punjab,field,KXIP,wickets,6,151,20,N,,AY Dandekar,M Erasmus
718,1178398,2019,Chennai,09-04-2019,League,DL Chahar,MA Chidambaram Stadium,KKR,CSK,Chennai Super Kings,field,CSK,wickets,7,109,20,N,,C Shamshuddin,RJ Tucker
719,1178399,2019,Mumbai,10-04-2019,League,KA Pollard,Wankhede Stadium,KXIP,MI,Mumbai Indians,field,MI,wickets,3,198,20,N,,S Ravi,YC Barde
720,1178400,2019,Jaipur,11-04-2019,League,MS Dhoni,Sawai Mansingh Stadium,RR,CSK,Chennai Super Kings,field,CSK,wickets,4,152,20,N,,BNJ Oxenford,UV Gandhe
721,1178401,2019,Kolkata,12-04-2019,League,S Dhawan,Eden Gardens,KKR,DC,Delhi Capitals,field,DC,wickets,7,179,20,N,,CK Nandan,YC Barde
722,1178402,2019,Mumbai,13-04-2019,League,JC Buttler,Wankhede Stadium,MI,RR,Rajasthan Royals,field,RR,wickets,4,188,20,N,,A Nand Kishore,Nitin Menon
723,1178403,2019,Chandigarh,13-04-2019,League,AB de Villiers,Punjab Cricket Association IS Bindra Stadium,KXIP,RCB,Royal Challengers Bangalore,field,RCB,wickets,8,174,20,N,,S Ravi,UV Gandhe
724,1178404,2019,Kolkata,14-04-2019,League,Imran Tahir,Eden Gardens,KKR,CSK,Chennai Super Kings,field,CSK,wickets,5,162,20,N,,CK Nandan,RJ Tucker
725,1178405,2019,Hyderabad,14-04-2019,League,KMA Paul,Rajiv Gandhi International Stadium,DC,SRH,Sunrisers Hyderabad,field,DC,runs,39,156,20,N,,AK Chaudhary,BNJ Oxenford
726,1178406,2019,Mumbai,15-04-2019,League,SL Malinga,Wankhede Stadium,RCB,MI,Mumbai Indians,field,MI,wickets,5,172,20,N,,M Erasmus,Nitin Menon
727,1178407,2019,Chandigarh,16-04-2019,League,R Ashwin,Punjab Cricket Association IS Bindra Stadium,KXIP,RR,Rajasthan Royals,field,KXIP,runs,12,183,20,N,,AK Chaudhary,VA Kulkarni
728,1178408,2019,Hyderabad,17-04-2019,League,DA Warner,Rajiv Gandhi International Stadium,CSK,SRH,Chennai Super Kings,bat,SRH,wickets,6,133,20,N,,IJ Gould,UV Gandhe
729,1178409,2019,Delhi,18-04-2019,League,HH Pandya,Arun Jaitley Stadium,MI,DC,Mumbai Indians,bat,MI,runs,40,169,20,N,,BNJ Oxenford,NJ Llong
730,1178410,2019,Kolkata,19-04-2019,League,V Kohli,Eden Gardens,RCB,KKR,Kolkata Knight Riders,field,RCB,runs,10,214,20,N,,IJ Gould,Nitin Menon
731,1178411,2019,Jaipur,20-04-2019,League,SPD Smith,Sawai Mansingh Stadium,MI,RR,Rajasthan Royals,field,RR,wickets,5,162,20,N,,S Ravi,YC Barde
732,1178412,2019,Delhi,20-04-2019,League,SS Iyer,Arun Jaitley Stadium,KXIP,DC,Delhi Capitals,field,DC,wickets,5,164,20,N,,C Shamshuddin,UV Gandhe
733,1178413,2019,Hyderabad,21-04-2019,League,KK Ahmed,Rajiv Gandhi International Stadium,KKR,SRH,Sunrisers Hyderabad,field,SRH,wickets,9,160,20,N,,NJ Llong,Nitin Menon
734,1178414,2019,Bengaluru,21-04-2019,League,PA Patel,M.Chinnaswamy Stadium,RCB,CSK,Chennai Super Kings,field,RCB,runs,1,162,20,N,,RJ Tucker,VA Kulkarni
735,1178415,2019,Jaipur,22-04-2019,League,RR Pant,Sawai Mansingh Stadium,RR,DC,Delhi Capitals,field,DC,wickets,6,192,20,N,,A Nand Kishore,S Ravi
736,1178416,2019,Chennai,23-04-2019,League,SR Watson,MA Chidambaram Stadium,SRH,CSK,Chennai Super Kings,field,CSK,wickets,6,176,20,N,,AK Chaudhary,NJ Llong
737,1178417,2019,Bengaluru,24-04-2019,League,AB de Villiers,M.Chinnaswamy Stadium,RCB,KXIP,Kings XI Punjab,field,RCB,runs,17,203,20,N,,BNJ Oxenford,C Shamshuddin
738,1178418,2019,Kolkata,25-04-2019,League,VR Aaron,Eden Gardens,KKR,RR,Rajasthan Royals,field,RR,wickets,3,176,20,N,,AY Dandekar,IJ Gould
739,1178419,2019,Chennai,26-04-2019,League,RG Sharma,MA Chidambaram Stadium,MI,CSK,Chennai Super Kings,field,MI,runs,46,156,20,N,,AK Chaudhary,NJ Llong
740,1178420,2019,Jaipur,27-04-2019,League,JD Unadkat,Sawai Mansingh Stadium,SRH,RR,Rajasthan Royals,field,RR,wickets,7,161,20,N,,A Nand Kishore,YC Barde
741,1178421,2019,Delhi,28-04-2019,League,S Dhawan,Arun Jaitley Stadium,DC,RCB,Delhi Capitals,bat,DC,runs,16,188,20,N,,BNJ Oxenford,KN Ananthapadmanabhan
742,1178422,2019,Kolkata,28-04-2019,League,AD Russell,Eden Gardens,KKR,MI,Mumbai Indians,field,KKR,runs,34,233,20,N,,IJ Gould,Nitin Menon
743,1178423,2019,Hyderabad,29-04-2019,League,DA Warner,Rajiv Gandhi International Stadium,SRH,KXIP,Kings XI Punjab,field,SRH,runs,45,213,20,N,,CK Nandan,S Ravi
744,1178424,2019,Bengaluru,30-04-2019,League,,M.Chinnaswamy Stadium,RCB,RR,Rajasthan Royals,field,,no result,,63,5,N,,NJ Llong,UV Gandhe
745,1178425,2019,Chennai,01-05-2019,League,MS Dhoni,MA Chidambaram Stadium,CSK,DC,Delhi Capitals,field,CSK,runs,80,180,20,N,,AY Dandekar,Nitin Menon
746,1178426,2019,Mumbai,02-05-2019,League,JJ Bumrah,Wankhede Stadium,MI,SRH,Mumbai Indians,bat,MI,tie,,163,20,Y,,CK Nandan,S Ravi
747,1178427,2019,Chandigarh,03-05-2019,League,Shubman Gill,Punjab Cricket Association IS Bindra Stadium,KXIP,KKR,Kolkata Knight Riders,field,KKR,wickets,7,184,20,N,,BNJ Oxenford,C Shamshuddin
748,1178428,2019,Delhi,04-05-2019,League,A Mishra,Arun Jaitley Stadium,RR,DC,Rajasthan Royals,bat,DC,wickets,5,116,20,N,,AY Dandekar,IJ Gould
749,1178429,2019,Bengaluru,04-05-2019,League,SO Hetmyer,M.Chinnaswamy Stadium,SRH,RCB,Royal Challengers Bangalore,field,RCB,wickets,4,176,20,N,,AK Chaudhary,NJ Llong
750,1178430,2019,Chandigarh,05-05-2019,League,KL Rahul,Punjab Cricket Association IS Bindra Stadium,CSK,KXIP,Kings XI Punjab,field,KXIP,wickets,6,171,20,N,,C Shamshuddin,KN Ananthapadmanabhan
751,1178431,2019,Mumbai,05-05-2019,League,HH Pandya,Wankhede Stadium,KKR,MI,Mumbai Indians,field,MI,wickets,9,134,20,N,,A Nand Kishore,CK Nandan
752,1181764,2019,Chennai,07-05-2019,Qualifier 1,SA Yadav,MA Chidambaram Stadium,CSK,MI,Chennai Super Kings,bat,MI,wickets,6,132,20,N,,NJ Llong,Nitin Menon
753,1181766,2019,Visakhapatnam,08-05-2019,Eliminator,RR Pant,Dr. Y.S. Rajasekhara Reddy ACA-VDCA Cricket Stadium,SRH,DC,Delhi Capitals,field,DC,wickets,2,163,20,N,,BNJ Oxenford,S Ravi
754,1181767,2019,Visakhapatnam,10-05-2019,Qualifier 2,F du Plessis,Dr. Y.S. Rajasekhara Reddy ACA-VDCA Cricket Stadium,DC,CSK,Chennai Super Kings,field,CSK,wickets,6,148,20,N,,BNJ Oxenford,S Ravi
755,1181768,2019,Hyderabad,12-05-2019,Final,JJ Bumrah,Rajiv Gandhi International Stadium,MI,CSK,Mumbai Indians,bat,MI,runs,1,150,20,N,,IJ Gould,Nitin Menon
756,1216492,2020,Abu Dhabi,19-09-2020,League,AT Rayudu,Sheikh Zayed Stadium,MI,CSK,Chennai Super Kings,field,CSK,wickets,5,163,20,N,,CB Gaffaney,VK Sharma
757,1216493,2020,,20-09-2020,League,MP Stoinis,Dubai International Cricket Stadium,DC,KXIP,Kings XI Punjab,field,DC,tie,,158,20,Y,,AK Chaudhary,Nitin Menon
758,1216534,2020,,21-09-2020,League,YS Chahal,Dubai International Cricket Stadium,RCB,SRH,Sunrisers Hyderabad,field,RCB,runs,10,164,20,N,,AY Dandekar,Nitin Menon
759,1216496,2020,,22-09-2020,League,SV Samson,Sharjah Cricket Stadium,RR,CSK,Chennai Super Kings,field,RR,runs,16,217,20,N,,C Shamshuddin,VA Kulkarni
760,1216508,2020,Abu Dhabi,23-09-2020,League,RG Sharma,Sheikh Zayed Stadium,MI,KKR,Kolkata Knight Riders,field,MI,runs,49,196,20,N,,CB Gaffaney,S Ravi
761,1216510,2020,,24-09-2020,League,KL Rahul,Dubai International Cricket Stadium,KXIP,RCB,Royal Challengers Bangalore,field,KXIP,runs,97,207,20,N,,AK Chaudhary,PR Reiffel
762,1216539,2020,,25-09-2020,League,PP Shaw,Dubai International Cricket Stadium,DC,CSK,Chennai Super Kings,field,DC,runs,44,176,20,N,,KN Ananthapadmanabhan,RK Illingworth
763,1216545,2020,Abu Dhabi,26-09-2020,League,Shubman Gill,Sheikh Zayed Stadium,SRH,KKR,Sunrisers Hyderabad,bat,KKR,wickets,7,143,20,N,,CB Gaffaney,VK Sharma
764,1216527,2020,,27-09-2020,League,SV Samson,Sharjah Cricket Stadium,KXIP,RR,Rajasthan Royals,field,RR,wickets,4,224,20,N,,RK Illingworth,K Srinivasan
765,1216547,2020,,28-09-2020,League,AB de Villiers,Dubai International Cricket Stadium,RCB,MI,Mumbai Indians,field,RCB,tie,,202,20,Y,,Nitin Menon,PR Reiffel
766,1216532,2020,Abu Dhabi,29-09-2020,League,Rashid Khan,Sheikh Zayed Stadium,SRH,DC,Delhi Capitals,field,SRH,runs,15,163,20,N,,VK Sharma,S Ravi
767,1216504,2020,,30-09-2020,League,Shivam Mavi,Dubai International Cricket Stadium,KKR,RR,Rajasthan Royals,field,KKR,runs,37,175,20,N,,KN Ananthapadmanabhan,C Shamshuddin
768,1216503,2020,Abu Dhabi,01-10-2020,League,KA Pollard,Sheikh Zayed Stadium,MI,KXIP,Kings XI Punjab,field,MI,runs,48,192,20,N,,VK Sharma,S Ravi
769,1216516,2020,,02-10-2020,League,PK Garg,Dubai International Cricket Stadium,SRH,CSK,Sunrisers Hyderabad,bat,SRH,runs,7,165,20,N,,AK Chaudhary,PR Reiffel
770,1216514,2020,Abu Dhabi,03-10-2020,League,YS Chahal,Sheikh Zayed Stadium,RR,RCB,Rajasthan Royals,bat,RCB,wickets,8,155,20,N,,CB Gaffaney,S Ravi
771,1216515,2020,,03-10-2020,League,SS Iyer,Sharjah Cricket Stadium,DC,KKR,Kolkata Knight Riders,field,DC,runs,18,229,20,N,,VA Kulkarni,RK Illingworth
772,1216513,2020,,04-10-2020,League,SR Watson,Dubai International Cricket Stadium,KXIP,CSK,Kings XI Punjab,bat,CSK,wickets,10,179,20,N,,AY Dandekar,Nitin Menon
773,1216538,2020,,04-10-2020,League,TA Boult,Sharjah Cricket Stadium,MI,SRH,Mumbai Indians,bat,MI,runs,34,209,20,N,,KN Ananthapadmanabhan,RK Illingworth
774,1216519,2020,,05-10-2020,League,AR Patel,Dubai International Cricket Stadium,DC,RCB,Royal Challengers Bangalore,field,DC,runs,59,197,20,N,,Nitin Menon,YC Barde
775,1216511,2020,Abu Dhabi,06-10-2020,League,SA Yadav,Sheikh Zayed Stadium,MI,RR,Mumbai Indians,bat,MI,runs,57,194,20,N,,VK Sharma,S Ravi
776,1216501,2020,Abu Dhabi,07-10-2020,League,RA Tripathi,Sheikh Zayed Stadium,KKR,CSK,Kolkata Knight Riders,bat,KKR,runs,10,168,20,N,,KN Ananthapadmanabhan,RK Illingworth
777,1216542,2020,,08-10-2020,League,JM Bairstow,Dubai International Cricket Stadium,SRH,KXIP,Sunrisers Hyderabad,bat,SRH,runs,69,202,20,N,,AK Chaudhary,Nitin Menon
778,1216500,2020,,09-10-2020,League,R Ashwin,Sharjah Cricket Stadium,DC,RR,Rajasthan Royals,field,DC,runs,46,185,20,N,,KN Ananthapadmanabhan,C Shamshuddin
779,1216523,2020,Abu Dhabi,10-10-2020,League,KD Karthik,Sheikh Zayed Stadium,KKR,KXIP,Kolkata Knight Riders,bat,KKR,runs,2,165,20,N,,UV Gandhe,CB Gaffaney
780,1216525,2020,,10-10-2020,League,V Kohli,Dubai International Cricket Stadium,RCB,CSK,Royal Challengers Bangalore,bat,RCB,runs,37,170,20,N,,AK Chaudhary,PR Reiffel
781,1216507,2020,,11-10-2020,League,R Tewatia,Dubai International Cricket Stadium,SRH,RR,Sunrisers Hyderabad,bat,RR,wickets,5,159,20,N,,YC Barde,PR Reiffel
782,1216529,2020,Abu Dhabi,11-10-2020,League,Q de Kock,Sheikh Zayed Stadium,DC,MI,Delhi Capitals,bat,MI,wickets,5,163,20,N,,CB Gaffaney,S Ravi
783,1216540,2020,,12-10-2020,League,AB de Villiers,Sharjah Cricket Stadium,RCB,KKR,Royal Challengers Bangalore,bat,RCB,runs,82,195,20,N,,RK Illingworth,K Srinivasan
784,1216528,2020,,13-10-2020,League,RA Jadeja,Dubai International Cricket Stadium,CSK,SRH,Chennai Super Kings,bat,CSK,runs,20,168,20,N,,AK Chaudhary,PR Reiffel
785,1216543,2020,,14-10-2020,League,A Nortje,Dubai International Cricket Stadium,DC,RR,Delhi Capitals,bat,DC,runs,13,162,20,N,,AK Chaudhary,Nitin Menon
786,1216531,2020,,15-10-2020,League,KL Rahul,Sharjah Cricket Stadium,RCB,KXIP,Royal Challengers Bangalore,bat,KXIP,wickets,8,172,20,N,,KN Ananthapadmanabhan,C Shamshuddin
787,1216526,2020,Abu Dhabi,16-10-2020,League,Q de Kock,Sheikh Zayed Stadium,KKR,MI,Kolkata Knight Riders,bat,MI,wickets,8,149,20,N,,CB Gaffaney,VK Sharma
788,1216509,2020,,17-10-2020,League,S Dhawan,Sharjah Cricket Stadium,CSK,DC,Chennai Super Kings,bat,DC,wickets,5,180,20,N,,KN Ananthapadmanabhan,RK Illingworth
789,1216522,2020,,17-10-2020,League,AB de Villiers,Dubai International Cricket Stadium,RR,RCB,Rajasthan Royals,bat,RCB,wickets,7,178,20,N,,AK Chaudhary,Nitin Menon
790,1216512,2020,Abu Dhabi,18-10-2020,League,LH Ferguson,Sheikh Zayed Stadium,KKR,SRH,Sunrisers Hyderabad,field,KKR,tie,,164,20,Y,,PG Pathak,S Ravi
791,1216517,2020,,18-10-2020,League,KL Rahul,Dubai International Cricket Stadium,MI,KXIP,Mumbai Indians,bat,KXIP,tie,,177,20,Y,,Nitin Menon,PR Reiffel
792,1216533,2020,Abu Dhabi,19-10-2020,League,JC Buttler,Sheikh Zayed Stadium,CSK,RR,Chennai Super Kings,bat,RR,wickets,7,126,20,N,,CB Gaffaney,VK Sharma
793,1216546,2020,,20-10-2020,League,S Dhawan,Dubai International Cricket Stadium,DC,KXIP,Delhi Capitals,bat,KXIP,wickets,5,165,20,N,,C Shamshuddin,RK Illingworth
794,1216494,2020,Abu Dhabi,21-10-2020,League,Mohammed Siraj,Sheikh Zayed Stadium,KKR,RCB,Kolkata Knight Riders,bat,RCB,wickets,8,85,20,N,,VK Sharma,S Ravi
795,1216518,2020,,22-10-2020,League,MK Pandey,Dubai International Cricket Stadium,RR,SRH,Sunrisers Hyderabad,field,SRH,wickets,8,155,20,N,,Nitin Menon,PR Reiffel
796,1216521,2020,,23-10-2020,League,TA Boult,Sharjah Cricket Stadium,CSK,MI,Mumbai Indians,field,MI,wickets,10,115,20,N,,C Shamshuddin,VA Kulkarni
797,1216497,2020,Abu Dhabi,24-10-2020,League,CV Varun,Sheikh Zayed Stadium,KKR,DC,Delhi Capitals,field,KKR,runs,59,195,20,N,,CB Gaffaney,PG Pathak
798,1216498,2020,,24-10-2020,League,CJ Jordan,Dubai International Cricket Stadium,KXIP,SRH,Sunrisers Hyderabad,field,KXIP,runs,12,127,20,N,,AY Dandekar,PR Reiffel
799,1216541,2020,Abu Dhabi,25-10-2020,League,BA Stokes,Sheikh Zayed Stadium,MI,RR,Mumbai Indians,bat,RR,wickets,8,196,20,N,,UV Gandhe,VK Sharma
800,1216544,2020,,25-10-2020,League,RD Gaikwad,Dubai International Cricket Stadium,RCB,CSK,Royal Challengers Bangalore,bat,CSK,wickets,8,146,20,N,,C Shamshuddin,RK Illingworth
801,1216520,2020,,26-10-2020,League,CH Gayle,Sharjah Cricket Stadium,KKR,KXIP,Kings XI Punjab,field,KXIP,wickets,8,150,20,N,,KN Ananthapadmanabhan,RK Illingworth
802,1216524,2020,,27-10-2020,League,WP Saha,Dubai International Cricket Stadium,SRH,DC,Delhi Capitals,field,SRH,runs,88,220,20,N,,AK Chaudhary,Nitin Menon
803,1216499,2020,Abu Dhabi,28-10-2020,League,SA Yadav,Sheikh Zayed Stadium,RCB,MI,Mumbai Indians,field,MI,wickets,5,165,20,N,,UV Gandhe,CB Gaffaney
804,1216536,2020,,29-10-2020,League,RD Gaikwad,Dubai International Cricket Stadium,KKR,CSK,Chennai Super Kings,field,CSK,wickets,6,173,20,N,,C Shamshuddin,RK Illingworth
805,1216537,2020,Abu Dhabi,30-10-2020,League,BA Stokes,Sheikh Zayed Stadium,KXIP,RR,Rajasthan Royals,field,RR,wickets,7,186,20,N,,CB Gaffaney,S Ravi
806,1216502,2020,,31-10-2020,League,Sandeep Sharma,Sharjah Cricket Stadium,RCB,SRH,Sunrisers Hyderabad,field,SRH,wickets,5,121,20,N,,KN Ananthapadmanabhan,K Srinivasan
807,1216535,2020,,31-10-2020,League,Ishan Kishan,Dubai International Cricket Stadium,DC,MI,Mumbai Indians,field,MI,wickets,9,111,20,N,,YC Barde,PR Reiffel
808,1216506,2020,Abu Dhabi,01-11-2020,League,RD Gaikwad,Sheikh Zayed Stadium,KXIP,CSK,Chennai Super Kings,field,CSK,wickets,9,154,20,N,,PG Pathak,VK Sharma
809,1216530,2020,,01-11-2020,League,PJ Cummins,Dubai International Cricket Stadium,KKR,RR,Rajasthan Royals,field,KKR,runs,60,192,20,N,,Nitin Menon,PR Reiffel
810,1216505,2020,Abu Dhabi,02-11-2020,League,A Nortje,Sheikh Zayed Stadium,RCB,DC,Delhi Capitals,field,DC,wickets,6,153,20,N,,CB Gaffaney,S Ravi
811,1216495,2020,,03-11-2020,League,S Nadeem,Sharjah Cricket Stadium,MI,SRH,Sunrisers Hyderabad,field,SRH,wickets,10,150,20,N,,C Shamshuddin,RK Illingworth
812,1237177,2020,,05-11-2020,Qualifier 1,JJ Bumrah,Dubai International Cricket Stadium,MI,DC,Delhi Capitals,field,MI,runs,57,201,20,N,,CB Gaffaney,Nitin Menon
813,1237178,2020,Abu Dhabi,06-11-2020,Eliminator,KS Williamson,Sheikh Zayed Stadium,RCB,SRH,Sunrisers Hyderabad,field,SRH,wickets,6,132,20,N,,PR Reiffel,S Ravi
814,1237180,2020,Abu Dhabi,08-11-2020,Qualifier 2,MP Stoinis,Sheikh Zayed Stadium,DC,SRH,Delhi Capitals,bat,DC,runs,17,190,20,N,,PR Reiffel,S Ravi
815,1237181,2020,,10-11-2020,Final,TA Boult,Dubai International Cricket Stadium,DC,MI,Delhi Capitals,bat,MI,wickets,5,157,20,N,,CB Gaffaney,Nitin Menon
816,1254058,2021,Chennai,09-04-2021,League,HV Patel,"MA Chidambaram Stadium, Chepauk, Chennai",MI,RCB,Royal Challengers Bangalore,field,RCB,wickets,2,160,20,N,,KN Ananthapadmanabhan,Nitin Menon
817,1254059,2021,Mumbai,10-04-2021,League,S Dhawan,"Wankhede Stadium, Mumbai",CSK,DC,Delhi Capitals,field,DC,wickets,7,189,20,N,,AK Chaudhary,VK Sharma
818,1254060,2021,Chennai,11-04-2021,League,N Rana,"MA Chidambaram Stadium, Chepauk, Chennai",KKR,SRH,Sunrisers Hyderabad,field,KKR,runs,10,188,20,N,,KN Ananthapadmanabhan,Nitin Menon
819,1254061,2021,Mumbai,12-04-2021,League,SV Samson,"Wankhede Stadium, Mumbai",KXIP,RR,Rajasthan Royals,field,KXIP,runs,4,222,20,N,,AK Chaudhary,S Ravi
820,1254062,2021,Chennai,13-04-2021,League,RD Chahar,"MA Chidambaram Stadium, Chepauk, Chennai",MI,KKR,Kolkata Knight Riders,field,MI,runs,10,153,20,N,,C Shamshuddin,CB Gaffaney
821,1254063,2021,Chennai,14-04-2021,League,GJ Maxwell,"MA Chidambaram Stadium, Chepauk, Chennai",RCB,SRH,Sunrisers Hyderabad,field,RCB,runs,6,150,20,N,,Nitin Menon,UV Gandhe
822,1254064,2021,Mumbai,15-04-2021,League,JD Unadkat,"Wankhede Stadium, Mumbai",DC,RR,Rajasthan Royals,field,RR,wickets,3,148,20,N,,S Ravi,VK Sharma
823,1254065,2021,Mumbai,16-04-2021,League,DL Chahar,"Wankhede Stadium, Mumbai",KXIP,CSK,Chennai Super Kings,field,CSK,wickets,6,107,20,N,,AK Chaudhary,AY Dandekar
824,1254066,2021,Chennai,17-04-2021,League,KA Pollard,"MA Chidambaram Stadium, Chepauk, Chennai",MI,SRH,Mumbai Indians,bat,MI,runs,13,151,20,N,,CB Gaffaney,K Srinivasan
825,1254067,2021,Chennai,18-04-2021,League,AB de Villiers,"MA Chidambaram Stadium, Chepauk, Chennai",RCB,KKR,Royal Challengers Bangalore,bat,RCB,runs,38,205,20,N,,C Shamshuddin,Nitin Menon
826,1254068,2021,Mumbai,18-04-2021,League,S Dhawan,"Wankhede Stadium, Mumbai",KXIP,DC,Delhi Capitals,field,DC,wickets,6,196,20,N,,AK Chaudhary,PR Reiffel
827,1254069,2021,Mumbai,19-04-2021,League,MM Ali,"Wankhede Stadium, Mumbai",CSK,RR,Rajasthan Royals,field,CSK,runs,45,189,20,N,,PR Reiffel,VK Sharma
828,1254070,2021,Chennai,20-04-2021,League,A Mishra,"MA Chidambaram Stadium, Chepauk, Chennai",MI,DC,Mumbai Indians,bat,DC,wickets,6,138,20,N,,C Shamshuddin,CB Gaffaney
829,1254071,2021,Chennai,21-04-2021,League,JM Bairstow,"MA Chidambaram Stadium, Chepauk, Chennai",KXIP,SRH,Punjab Kings,bat,SRH,wickets,9,121,20,N,,K Srinivasan,Nitin Menon
830,1254072,2021,Mumbai,21-04-2021,League,F du Plessis,"Wankhede Stadium, Mumbai",CSK,KKR,Kolkata Knight Riders,field,CSK,runs,18,221,20,N,,AY Dandekar,PR Reiffel
831,1254073,2021,Mumbai,22-04-2021,League,D Padikkal,"Wankhede Stadium, Mumbai",RR,RCB,Royal Challengers Bangalore,field,RCB,wickets,10,178,20,N,,J Madanagopal,S Ravi
832,1254074,2021,Chennai,23-04-2021,League,KL Rahul,"MA Chidambaram Stadium, Chepauk, Chennai",MI,KXIP,Punjab Kings,field,KXIP,wickets,9,132,20,N,,C Shamshuddin,Nitin Menon
833,1254075,2021,Mumbai,24-04-2021,League,CH Morris,"Wankhede Stadium, Mumbai",KKR,RR,Rajasthan Royals,field,RR,wickets,6,134,20,N,,Navdeep Singh,S Ravi
834,1254076,2021,Mumbai,25-04-2021,League,RA Jadeja,"Wankhede Stadium, Mumbai",CSK,RCB,Chennai Super Kings,bat,CSK,runs,69,192,20,N,,AK Chaudhary,VK Sharma
835,1254077,2021,Chennai,25-04-2021,League,PP Shaw,"MA Chidambaram Stadium, Chepauk, Chennai",DC,SRH,Delhi Capitals,bat,DC,tie,,160,20,Y,,CB Gaffaney,KN Ananthapadmanabhan
836,1254078,2021,Ahmedabad,26-04-2021,League,EJG Morgan,"Narendra Modi Stadium, Ahmedabad",KXIP,KKR,Kolkata Knight Riders,field,KKR,wickets,5,124,20,N,,PR Reiffel,YC Barde
837,1254079,2021,Ahmedabad,27-04-2021,League,AB de Villiers,"Narendra Modi Stadium, Ahmedabad",RCB,DC,Delhi Capitals,field,RCB,runs,1,172,20,N,,S Ravi,VK Sharma
838,1254080,2021,Delhi,28-04-2021,League,RD Gaikwad,"Arun Jaitley Stadium, Delhi",SRH,CSK,Sunrisers Hyderabad,bat,CSK,wickets,7,172,20,N,,C Shamshuddin,CK Nandan
839,1254081,2021,Delhi,29-04-2021,League,Q de Kock,"Arun Jaitley Stadium, Delhi",RR,MI,Mumbai Indians,field,MI,wickets,7,172,20,N,,CB Gaffaney,KN Ananthapadmanabhan
840,1254082,2021,Ahmedabad,29-04-2021,League,PP Shaw,"Narendra Modi Stadium, Ahmedabad",KKR,DC,Delhi Capitals,field,DC,wickets,7,155,20,N,,AK Chaudhary,YC Barde
841,1254083,2021,Ahmedabad,30-04-2021,League,Harpreet Brar,"Narendra Modi Stadium, Ahmedabad",KXIP,RCB,Royal Challengers Bangalore,field,KXIP,runs,34,180,20,N,,S Ravi,VK Sharma
842,1254084,2021,Delhi,01-05-2021,League,KA Pollard,"Arun Jaitley Stadium, Delhi",CSK,MI,Mumbai Indians,field,MI,wickets,4,219,20,N,,KN Ananthapadmanabhan,CK Nandan
843,1254085,2021,Delhi,02-05-2021,League,JC Buttler,"Arun Jaitley Stadium, Delhi",RR,SRH,Sunrisers Hyderabad,field,RR,runs,55,221,20,N,,C Shamshuddin,CB Gaffaney
844,1254086,2021,Ahmedabad,02-05-2021,League,MA Agarwal,"Narendra Modi Stadium, Ahmedabad",KXIP,DC,Delhi Capitals,field,DC,wickets,7,167,20,N,,AK Chaudhary,AY Dandekar
845,1254104,2021,Dubai,19-09-2021,League,RD Gaikwad,Dubai International Cricket Stadium,CSK,MI,Chennai Super Kings,bat,CSK,runs,20,157,20,N,,Nitin Menon,RK Illingworth
846,1254087,2021,Abu Dhabi,20-09-2021,League,CV Varun,"Zayed Cricket Stadium, Abu Dhabi",RCB,KKR,Royal Challengers Bangalore,bat,KKR,wickets,9,93,20,N,,CB Gaffaney,S Ravi
847,1254111,2021,Dubai,21-09-2021,League,Kartik Tyagi,Dubai International Cricket Stadium,RR,KXIP,Punjab Kings,field,RR,runs,2,186,20,N,,AK Chaudhary,MA Gough
848,1254105,2021,Dubai,22-09-2021,League,A Nortje,Dubai International Cricket Stadium,SRH,DC,Sunrisers Hyderabad,bat,DC,wickets,8,135,20,N,,KN Ananthapadmanabhan,RK Illingworth
849,1254096,2021,Abu Dhabi,23-09-2021,League,SP Narine,"Zayed Cricket Stadium, Abu Dhabi",MI,KKR,Kolkata Knight Riders,field,KKR,wickets,7,156,20,N,,S Ravi,VK Sharma
850,1254113,2021,Sharjah,24-09-2021,League,DJ Bravo,Sharjah Cricket Stadium,RCB,CSK,Chennai Super Kings,field,CSK,wickets,6,157,20,N,,AK Chaudhary,Nitin Menon
851,1254097,2021,Abu Dhabi,25-09-2021,League,SS Iyer,"Zayed Cricket Stadium, Abu Dhabi",DC,RR,Rajasthan Royals,field,DC,runs,33,155,20,N,,CB Gaffaney,UV Gandhe
852,1254107,2021,Sharjah,25-09-2021,League,JO Holder,Sharjah Cricket Stadium,KXIP,SRH,Sunrisers Hyderabad,field,KXIP,runs,5,126,20,N,,RK Illingworth,YC Barde
853,1254098,2021,Abu Dhabi,26-09-2021,League,RA Jadeja,"Zayed Cricket Stadium, Abu Dhabi",KKR,CSK,Kolkata Knight Riders,bat,CSK,wickets,2,172,20,N,,CB Gaffaney,Tapan Sharma
854,1254108,2021,Dubai,26-09-2021,League,GJ Maxwell,Dubai International Cricket Stadium,RCB,MI,Mumbai Indians,field,RCB,runs,54,166,20,N,,AK Chaudhary,MA Gough
855,1254100,2021,Dubai,27-09-2021,League,JJ Roy,Dubai International Cricket Stadium,RR,SRH,Rajasthan Royals,bat,SRH,wickets,7,165,20,N,,KN Ananthapadmanabhan,Navdeep Singh
856,1254092,2021,Sharjah,28-09-2021,League,SP Narine,Sharjah Cricket Stadium,DC,KKR,Kolkata Knight Riders,field,KKR,wickets,3,128,20,N,,Nitin Menon,HAS Khalid
857,1254099,2021,Abu Dhabi,28-09-2021,League,KA Pollard,"Zayed Cricket Stadium, Abu Dhabi",KXIP,MI,Mumbai Indians,field,MI,wickets,6,136,20,N,,S Ravi,VK Sharma
858,1254103,2021,Dubai,29-09-2021,League,YS Chahal,Dubai International Cricket Stadium,RR,RCB,Royal Challengers Bangalore,field,RCB,wickets,7,150,20,N,,AY Dandekar,KN Ananthapadmanabhan
859,1254091,2021,Sharjah,30-09-2021,League,JR Hazlewood,Sharjah Cricket Stadium,SRH,CSK,Chennai Super Kings,field,CSK,wickets,6,135,20,N,,Nitin Menon,YC Barde
860,1254102,2021,Dubai,01-10-2021,League,KL Rahul,Dubai International Cricket Stadium,KKR,KXIP,Punjab Kings,field,KXIP,wickets,5,166,20,N,,KN Ananthapadmanabhan,RK Illingworth
861,1254089,2021,Abu Dhabi,02-10-2021,League,RD Gaikwad,"Zayed Cricket Stadium, Abu Dhabi",CSK,RR,Rajasthan Royals,field,RR,wickets,7,190,20,N,,CB Gaffaney,VK Sharma
862,1254112,2021,Sharjah,02-10-2021,League,AR Patel,Sharjah Cricket Stadium,MI,DC,Delhi Capitals,field,DC,wickets,4,130,20,N,,AK Chaudhary,MA Gough
863,1254090,2021,Sharjah,03-10-2021,League,GJ Maxwell,Sharjah Cricket Stadium,RCB,KXIP,Royal Challengers Bangalore,bat,RCB,runs,6,165,20,N,,KN Ananthapadmanabhan,RK Illingworth
864,1254109,2021,Dubai,03-10-2021,League,Shubman Gill,Dubai International Cricket Stadium,SRH,KKR,Sunrisers Hyderabad,bat,KKR,wickets,6,116,20,N,,J Madanagopal,MA Gough
865,1254110,2021,Dubai,04-10-2021,League,AR Patel,Dubai International Cricket Stadium,CSK,DC,Delhi Capitals,field,DC,wickets,3,137,20,N,,AK Chaudhary,Nitin Menon
866,1254093,2021,Sharjah,05-10-2021,League,NM Coulter-Nile,Sharjah Cricket Stadium,RR,MI,Mumbai Indians,field,MI,wickets,8,91,20,N,,AK Chaudhary,MA Gough
867,1254095,2021,Abu Dhabi,06-10-2021,League,KS Williamson,"Zayed Cricket Stadium, Abu Dhabi",SRH,RCB,Royal Challengers Bangalore,field,SRH,runs,4,142,20,N,,S Ravi,UV Gandhe
868,1254094,2021,Dubai,07-10-2021,League,KL Rahul,Dubai International Cricket Stadium,CSK,KXIP,Punjab Kings,field,KXIP,wickets,6,135,20,N,,K Srinivasan,RK Illingworth
869,1254106,2021,Sharjah,07-10-2021,League,Shivam Mavi,Sharjah Cricket Stadium,KKR,RR,Rajasthan Royals,field,KKR,runs,86,172,20,N,,MA Gough,HAS Khalid
870,1254088,2021,Abu Dhabi,08-10-2021,League,Ishan Kishan,"Zayed Cricket Stadium, Abu Dhabi",MI,SRH,Mumbai Indians,bat,MI,runs,42,236,20,N,,Tapan Sharma,VK Sharma
871,1254101,2021,Dubai,08-10-2021,League,KS Bharat,Dubai International Cricket Stadium,DC,RCB,Royal Challengers Bangalore,field,RCB,wickets,7,165,20,N,,KN Ananthapadmanabhan,Nitin Menon
872,1254114,2021,Dubai,10-10-2021,Qualifier 1,RD Gaikwad,Dubai International Cricket Stadium,DC,CSK,Chennai Super Kings,field,CSK,wickets,4,173,20,N,,Nitin Menon,RK Illingworth
873,1254115,2021,Sharjah,11-10-2021,Eliminator,SP Narine,Sharjah Cricket Stadium,RCB,KKR,Royal Challengers Bangalore,bat,KKR,wickets,4,139,20,N,,CB Gaffaney,VK Sharma
874,1254116,2021,Sharjah,13-10-2021,Qualifier 2,VR Iyer,Sharjah Cricket Stadium,DC,KKR,Kolkata Knight Riders,field,KKR,wickets,3,136,20,N,,KN Ananthapadmanabhan,MA Gough
875,1254117,2021,Dubai,15-10-2021,Final,F du Plessis,Dubai International Cricket Stadium,CSK,KKR,Kolkata Knight Riders,field,CSK,runs,27,193,20,N,,Nitin Menon,RK Illingworth
876,1304047,2022,Mumbai,26-03-2022,League,UT Yadav,"Wankhede Stadium, Mumbai",CSK,KKR,Kolkata Knight Riders,field,KKR,wickets,6,132,20,N,,AK Chaudhary,Nitin Menon
877,1304048,2022,Mumbai,27-03-2022,League,Kuldeep Yadav,"Brabourne Stadium, Mumbai",MI,DC,Delhi Capitals,field,DC,wickets,4,178,20,N,,RJ Tucker,HAS Khalid
878,1304049,2022,Mumbai,27-03-2022,League,OF Smith,"Dr DY Patil Sports Academy, Mumbai",RCB,KXIP,Punjab Kings,field,KXIP,wickets,5,206,20,N,,Nitin Menon,YC Barde
879,1304050,2022,Mumbai,28-03-2022,League,Mohammed Shami,"Wankhede Stadium, Mumbai",LSG,GT,Gujarat Titans,field,GT,wickets,5,159,20,N,,PG Pathak,VK Sharma
880,1304051,2022,Pune,29-03-2022,League,SV Samson,"Maharashtra Cricket Association Stadium, Pune",RR,SRH,Sunrisers Hyderabad,field,RR,runs,61,211,20,N,,BNJ Oxenford,UV Gandhe
881,1304052,2022,Mumbai,30-03-2022,League,PWH de Silva,"Dr DY Patil Sports Academy, Mumbai",KKR,RCB,Royal Challengers Bangalore,field,RCB,wickets,3,129,20,N,,J Madanagopal,Navdeep Singh
882,1304053,2022,Mumbai,31-03-2022,League,E Lewis,"Brabourne Stadium, Mumbai",CSK,LSG,Lucknow Super Giants,field,LSG,wickets,6,211,20,N,,RJ Tucker,VK Sharma
883,1304054,2022,Mumbai,01-04-2022,League,UT Yadav,"Wankhede Stadium, Mumbai",KXIP,KKR,Kolkata Knight Riders,field,KKR,wickets,6,138,20,N,,AK Chaudhary,HAS Khalid
884,1304055,2022,Mumbai,02-04-2022,League,JC Buttler,"Dr DY Patil Sports Academy, Mumbai",RR,MI,Mumbai Indians,field,RR,runs,23,194,20,N,,Nitin Menon,PG Pathak
885,1304056,2022,Pune,02-04-2022,League,LH Ferguson,"Maharashtra Cricket Association Stadium, Pune",GT,DC,Delhi Capitals,field,GT,runs,14,172,20,N,,KN Ananthapadmanabhan,UV Gandhe
886,1304057,2022,Mumbai,03-04-2022,League,LS Livingstone,"Brabourne Stadium, Mumbai",KXIP,CSK,Chennai Super Kings,field,KXIP,runs,54,181,20,N,,RJ Tucker,YC Barde
887,1304058,2022,Mumbai,04-04-2022,League,Avesh Khan,"Dr DY Patil Sports Academy, Mumbai",LSG,SRH,Sunrisers Hyderabad,field,LSG,runs,12,170,20,N,,J Madanagopal,Navdeep Singh
888,1304059,2022,Mumbai,05-04-2022,League,KD Karthik,"Wankhede Stadium, Mumbai",RR,RCB,Royal Challengers Bangalore,field,RCB,wickets,4,170,20,N,,AK Chaudhary,HAS Khalid
889,1304060,2022,Pune,06-04-2022,League,PJ Cummins,"Maharashtra Cricket Association Stadium, Pune",MI,KKR,Kolkata Knight Riders,field,KKR,wickets,5,162,20,N,,BNJ Oxenford,KN Ananthapadmanabhan
890,1304061,2022,Mumbai,07-04-2022,League,Q de Kock,"Dr DY Patil Sports Academy, Mumbai",DC,LSG,Lucknow Super Giants,field,LSG,wickets,6,150,20,N,,RJ Tucker,Tapan Sharma
891,1304062,2022,Mumbai,08-04-2022,League,Shubman Gill,"Brabourne Stadium, Mumbai",KXIP,GT,Gujarat Titans,field,GT,wickets,6,190,20,N,,AK Chaudhary,VK Sharma
892,1304063,2022,Mumbai,09-04-2022,League,Abhishek Sharma,"Dr DY Patil Sports Academy, Mumbai",CSK,SRH,Sunrisers Hyderabad,field,SRH,wickets,8,155,20,N,,Navdeep Singh,Nitin Menon
893,1304064,2022,Pune,09-04-2022,League,Anuj Rawat,"Maharashtra Cricket Association Stadium, Pune",MI,RCB,Royal Challengers Bangalore,field,RCB,wickets,7,152,20,N,,BNJ Oxenford,KN Ananthapadmanabhan
894,1304065,2022,Mumbai,10-04-2022,League,Kuldeep Yadav,"Brabourne Stadium, Mumbai",DC,KKR,Kolkata Knight Riders,field,DC,runs,44,216,20,N,,CB Gaffaney,J Madanagopal
895,1304066,2022,Mumbai,10-04-2022,League,YS Chahal,"Wankhede Stadium, Mumbai",RR,LSG,Lucknow Super Giants,field,RR,runs,3,166,20,N,,AK Chaudhary,Tapan Sharma
896,1304067,2022,Mumbai,11-04-2022,League,KS Williamson,"Dr DY Patil Sports Academy, Mumbai",GT,SRH,Sunrisers Hyderabad,field,SRH,wickets,8,163,20,N,,Chirra Ravikanthreddy,RJ Tucker
897,1304068,2022,Mumbai,12-04-2022,League,S Dube,"Dr DY Patil Sports Academy, Mumbai",CSK,RCB,Royal Challengers Bangalore,field,CSK,runs,23,217,20,N,,Nitin Menon,N Pandit
898,1304069,2022,Pune,13-04-2022,League,MA Agarwal,"Maharashtra Cricket Association Stadium, Pune",KXIP,MI,Mumbai Indians,field,KXIP,runs,12,199,20,N,,BNJ Oxenford,UV Gandhe
899,1304070,2022,Mumbai,14-04-2022,League,HH Pandya,"Dr DY Patil Sports Academy, Mumbai",GT,RR,Rajasthan Royals,field,GT,runs,37,193,20,N,,CB Gaffaney,R Pandit
900,1304071,2022,Mumbai,15-04-2022,League,RA Tripathi,"Brabourne Stadium, Mumbai",KKR,SRH,Sunrisers Hyderabad,field,SRH,wickets,7,176,20,N,,GR Sadashiv Iyer,VK Sharma
901,1304072,2022,Mumbai,16-04-2022,League,KL Rahul,"Brabourne Stadium, Mumbai",LSG,MI,Mumbai Indians,field,LSG,runs,18,200,20,N,,AK Chaudhary,NA Patwardhan
902,1304073,2022,Mumbai,16-04-2022,League,KD Karthik,"Wankhede Stadium, Mumbai",RCB,DC,Delhi Capitals,field,RCB,runs,16,190,20,N,,Chirra Ravikanthreddy,J Madanagopal
903,1304074,2022,Mumbai,17-04-2022,League,Umran Malik,"Dr DY Patil Sports Academy, Mumbai",KXIP,SRH,Sunrisers Hyderabad,field,SRH,wickets,7,152,20,N,,PG Pathak,R Pandit
904,1304075,2022,Pune,17-04-2022,League,DA Miller,"Maharashtra Cricket Association Stadium, Pune",CSK,GT,Gujarat Titans,field,GT,wickets,3,170,20,N,,KN Ananthapadmanabhan,UV Gandhe
905,1304076,2022,Mumbai,18-04-2022,League,YS Chahal,"Brabourne Stadium, Mumbai",RR,KKR,Kolkata Knight Riders,field,RR,runs,7,218,20,N,,GR Sadashiv Iyer,VK Sharma
906,1304077,2022,Mumbai,19-04-2022,League,F du Plessis,"Dr DY Patil Sports Academy, Mumbai",RCB,LSG,Lucknow Super Giants,field,RCB,runs,18,182,20,N,,CB Gaffaney,N Pandit
907,1304078,2022,Mumbai,20-04-2022,League,Kuldeep Yadav,"Brabourne Stadium, Mumbai",KXIP,DC,Delhi Capitals,field,DC,wickets,9,116,20,N,,RJ Tucker,Tapan Sharma
908,1304079,2022,Navi Mumbai,21-04-2022,League,Mukesh Choudhary,"Dr DY Patil Sports Academy, Mumbai",MI,CSK,Chennai Super Kings,field,CSK,wickets,3,156,20,N,,BNJ Oxenford,UV Gandhe
909,1304080,2022,Mumbai,22-04-2022,League,JC Buttler,"Wankhede Stadium, Mumbai",RR,DC,Delhi Capitals,field,RR,runs,15,223,20,N,,NA Patwardhan,Nitin Menon
910,1304081,2022,Navi Mumbai,23-04-2022,League,Rashid Khan,"Dr DY Patil Sports Academy, Mumbai",GT,KKR,Gujarat Titans,bat,GT,runs,8,157,20,N,,KN Ananthapadmanabhan,UV Gandhe
911,1304082,2022,Mumbai,23-04-2022,League,M Jansen,"Brabourne Stadium, Mumbai",RCB,SRH,Sunrisers Hyderabad,field,SRH,wickets,9,69,20,N,,Chirra Ravikanthreddy,J Madanagopal
912,1304083,2022,Mumbai,24-04-2022,League,KL Rahul,"Wankhede Stadium, Mumbai",LSG,MI,Mumbai Indians,field,LSG,runs,36,169,20,N,,M Erasmus,HAS Khalid
913,1304084,2022,Mumbai,25-04-2022,League,S Dhawan,"Wankhede Stadium, Mumbai",KXIP,CSK,Chennai Super Kings,field,KXIP,runs,11,188,20,N,,M Erasmus,Tapan Sharma
914,1304085,2022,Pune,26-04-2022,League,R Parag,"Maharashtra Cricket Association Stadium, Pune",RR,RCB,Royal Challengers Bangalore,field,RR,runs,29,145,20,N,,BNJ Oxenford,KN Ananthapadmanabhan
915,1304086,2022,Mumbai,27-04-2022,League,Umran Malik,"Wankhede Stadium, Mumbai",SRH,GT,Gujarat Titans,field,GT,wickets,5,196,20,N,,CB Gaffaney,Navdeep Singh
916,1304087,2022,Mumbai,28-04-2022,League,Kuldeep Yadav,"Wankhede Stadium, Mumbai",KKR,DC,Delhi Capitals,field,DC,wickets,4,147,20,N,,AK Chaudhary,PG Pathak
917,1304088,2022,Pune,29-04-2022,League,KH Pandya,"Maharashtra Cricket Association Stadium, Pune",LSG,KXIP,Punjab Kings,field,LSG,runs,20,154,20,N,,MA Gough,UV Gandhe
918,1304089,2022,Mumbai,30-04-2022,League,R Tewatia,"Brabourne Stadium, Mumbai",RCB,GT,Royal Challengers Bangalore,bat,GT,wickets,6,171,20,N,,HAS Khalid,VK Sharma
919,1304090,2022,Navi Mumbai,30-04-2022,League,SA Yadav,"Dr DY Patil Sports Academy, Mumbai",RR,MI,Mumbai Indians,field,MI,wickets,5,159,20,N,,BNJ Oxenford,YC Barde
920,1304091,2022,Mumbai,01-05-2022,League,Mohsin Khan,"Wankhede Stadium, Mumbai",LSG,DC,Lucknow Super Giants,bat,LSG,runs,6,196,20,N,,Chirra Ravikanthreddy,CB Gaffaney
921,1304092,2022,Pune,01-05-2022,League,RD Gaikwad,"Maharashtra Cricket Association Stadium, Pune",CSK,SRH,Sunrisers Hyderabad,field,CSK,runs,13,203,20,N,,AK Chaudhary,KN Ananthapadmanabhan
922,1304093,2022,Mumbai,02-05-2022,League,RK Singh,"Wankhede Stadium, Mumbai",RR,KKR,Kolkata Knight Riders,field,KKR,wickets,7,153,20,N,,J Madanagopal,N Pandit
923,1304094,2022,Navi Mumbai,03-05-2022,League,K Rabada,"Dr DY Patil Sports Academy, Mumbai",GT,KXIP,Gujarat Titans,bat,KXIP,wickets,8,144,20,N,,R Pandit,VK Sharma
924,1304095,2022,Pune,04-05-2022,League,HV Patel,"Maharashtra Cricket Association Stadium, Pune",RCB,CSK,Chennai Super Kings,field,RCB,runs,13,174,20,N,,KN Ananthapadmanabhan,MA Gough
925,1304096,2022,Mumbai,05-05-2022,League,DA Warner,"Brabourne Stadium, Mumbai",DC,SRH,Sunrisers Hyderabad,field,DC,runs,21,208,20,N,,Navdeep Singh,NA Patwardhan
926,1304097,2022,Mumbai,06-05-2022,League,TH David,"Brabourne Stadium, Mumbai",MI,GT,Gujarat Titans,field,MI,runs,5,178,20,N,,J Madanagopal,GR Sadashiv Iyer
927,1304098,2022,Mumbai,07-05-2022,League,YBK Jaiswal,"Wankhede Stadium, Mumbai",KXIP,RR,Punjab Kings,bat,RR,wickets,6,190,20,N,,Chirra Ravikanthreddy,YC Barde
928,1304099,2022,Pune,07-05-2022,League,Avesh Khan,"Maharashtra Cricket Association Stadium, Pune",LSG,KKR,Kolkata Knight Riders,field,LSG,runs,75,177,20,N,,AK Chaudhary,MA Gough
929,1304100,2022,Mumbai,08-05-2022,League,PWH de Silva,"Wankhede Stadium, Mumbai",RCB,SRH,Royal Challengers Bangalore,bat,RCB,runs,67,193,20,N,,BNJ Oxenford,N Pandit
930,1304101,2022,Navi Mumbai,08-05-2022,League,DP Conway,"Dr DY Patil Sports Academy, Mumbai",CSK,DC,Delhi Capitals,field,CSK,runs,91,209,20,N,,Nitin Menon,R Pandit
931,1304102,2022,Navi Mumbai,09-05-2022,League,JJ Bumrah,"Dr DY Patil Sports Academy, Mumbai",KKR,MI,Mumbai Indians,field,KKR,runs,52,166,20,N,,CB Gaffaney,GR Sadashiv Iyer
932,1304103,2022,Pune,10-05-2022,League,Shubman Gill,"Maharashtra Cricket Association Stadium, Pune",GT,LSG,Gujarat Titans,bat,GT,runs,62,145,20,N,,KN Ananthapadmanabhan,MA Gough
933,1304104,2022,Navi Mumbai,11-05-2022,League,MR Marsh,"Dr DY Patil Sports Academy, Mumbai",RR,DC,Delhi Capitals,field,DC,wickets,8,161,20,N,,NA Patwardhan,Nitin Menon
934,1304105,2022,Mumbai,12-05-2022,League,DR Sams,"Wankhede Stadium, Mumbai",CSK,MI,Mumbai Indians,field,MI,wickets,5,98,20,N,,Chirra Ravikanthreddy,CB Gaffaney
935,1304106,2022,Mumbai,13-05-2022,League,JM Bairstow,"Brabourne Stadium, Mumbai",KXIP,RCB,Royal Challengers Bangalore,field,KXIP,runs,54,210,20,N,,J Madanagopal,N Pandit
936,1304107,2022,Pune,14-05-2022,League,AD Russell,"Maharashtra Cricket Association Stadium, Pune",KKR,SRH,Kolkata Knight Riders,bat,KKR,runs,54,178,20,N,,AK Chaudhary,KN Ananthapadmanabhan
937,1304108,2022,Mumbai,15-05-2022,League,WP Saha,"Wankhede Stadium, Mumbai",CSK,GT,Chennai Super Kings,bat,GT,wickets,7,134,20,N,,R Pandit,VK Sharma
938,1304109,2022,Mumbai,15-05-2022,League,TA Boult,"Brabourne Stadium, Mumbai",RR,LSG,Rajasthan Royals,bat,RR,runs,24,179,20,N,,PG Pathak,Tapan Sharma
939,1304110,2022,Navi Mumbai,16-05-2022,League,SN Thakur,"Dr DY Patil Sports Academy, Mumbai",DC,KXIP,Punjab Kings,field,DC,runs,17,160,20,N,,GR Sadashiv Iyer,Nitin Menon
940,1304111,2022,Mumbai,17-05-2022,League,RA Tripathi,"Wankhede Stadium, Mumbai",SRH,MI,Mumbai Indians,field,SRH,runs,3,194,20,N,,CB Gaffaney,N Pandit
941,1304112,2022,Navi Mumbai,18-05-2022,League,Q de Kock,"Dr DY Patil Sports Academy, Mumbai",LSG,KKR,Lucknow Super Giants,bat,LSG,runs,2,211,20,N,,R Pandit,YC Barde
942,1304113,2022,Mumbai,19-05-2022,League,V Kohli,"Wankhede Stadium, Mumbai",GT,RCB,Gujarat Titans,bat,RCB,wickets,8,169,20,N,,KN Ananthapadmanabhan,GR Sadashiv Iyer
943,1304114,2022,Mumbai,20-05-2022,League,R Ashwin,"Brabourne Stadium, Mumbai",CSK,RR,Chennai Super Kings,bat,RR,wickets,5,151,20,N,,CB Gaffaney,NA Patwardhan
944,1304115,2022,Mumbai,21-05-2022,League,JJ Bumrah,"Wankhede Stadium, Mumbai",DC,MI,Mumbai Indians,field,MI,wickets,5,160,20,N,,Nitin Menon,Tapan Sharma
945,1304116,2022,Mumbai,22-05-2022,League,Harpreet Brar,"Wankhede Stadium, Mumbai",SRH,KXIP,Sunrisers Hyderabad,bat,KXIP,wickets,5,158,20,N,,AK Chaudhary,NA Patwardhan
946,1312197,2022,Kolkata,24-05-2022,Qualifier 1,DA Miller,"Eden Gardens, Kolkata",RR,GT,Gujarat Titans,field,GT,wickets,7,189,20,N,,BNJ Oxenford,VK Sharma
947,1312198,2022,Kolkata,25-05-2022,Eliminator,RM Patidar,"Eden Gardens, Kolkata",RCB,LSG,Lucknow Super Giants,field,RCB,runs,14,208,20,N,,J Madanagopal,MA Gough
948,1312199,2022,Ahmedabad,27-05-2022,Qualifier 2,JC Buttler,"Narendra Modi Stadium, Ahmedabad",RCB,RR,Rajasthan Royals,field,RR,wickets,7,158,20,N,,CB Gaffaney,Nitin Menon
949,1312200,2022,Ahmedabad,29-05-2022,Final,HH Pandya,"Narendra Modi Stadium, Ahmedabad",RR,GT,Rajasthan Royals,bat,GT,wickets,7,131,20,N,,CB Gaffaney,Nitin Menon
950,1359475,2023,Ahmedabad,31-03-2023,League,Rashid Khan,"Narendra Modi Stadium, Ahmedabad",CSK,GT,Gujarat Titans,field,GT,wickets,5,179,20,N,,Nitin Menon,HAS Khalid
951,1359476,2023,Chandigarh,01-04-2023,League,Arshdeep Singh,"Punjab Cricket Association IS Bindra Stadium, Mohali, Chandigarh",KXIP,KKR,Kolkata Knight Riders,field,KXIP,runs,7,154,16,N,D/L,BNJ Oxenford,YC Barde
952,1359477,2023,Lucknow,01-04-2023,League,MA Wood,"Bharat Ratna Shri Atal Bihari Vajpayee Ekana Cricket Stadium, Lucknow",LSG,DC,Delhi Capitals,field,LSG,runs,50,194,20,N,,AK Chaudhary,NA Patwardhan
953,1359478,2023,Hyderabad,02-04-2023,League,JC Buttler,"Rajiv Gandhi International Stadium, Uppal, Hyderabad",RR,SRH,Sunrisers Hyderabad,field,RR,runs,72,204,20,N,,KN Ananthapadmanabhan,R Pandit
954,1359479,2023,Bengaluru,02-04-2023,League,F du Plessis,"M Chinnaswamy Stadium, Bengaluru",MI,RCB,Royal Challengers Bangalore,field,RCB,wickets,8,172,20,N,,Nitin Menon,Tapan Sharma
955,1359480,2023,Chennai,03-04-2023,League,MM Ali,"MA Chidambaram Stadium, Chepauk, Chennai",CSK,LSG,Lucknow Super Giants,field,CSK,runs,12,218,20,N,,A Totre,BNJ Oxenford
956,1359481,2023,Delhi,04-04-2023,League,B Sai Sudharsan,"Arun Jaitley Stadium, Delhi",DC,GT,Gujarat Titans,field,GT,wickets,6,163,20,N,,A Nand Kishore,GR Sadashiv Iyer
957,1359482,2023,Guwahati,05-04-2023,League,NT Ellis,"Barsapara Cricket Stadium, Guwahati",KXIP,RR,Rajasthan Royals,field,KXIP,runs,5,198,20,N,,KN Ananthapadmanabhan,MV Saidharshan Kumar
958,1359483,2023,Kolkata,06-04-2023,League,SN Thakur,"Eden Gardens, Kolkata",KKR,RCB,Royal Challengers Bangalore,field,KKR,runs,81,205,20,N,,Vinod Seshan,VK Sharma
959,1359484,2023,Lucknow,07-04-2023,League,KH Pandya,"Bharat Ratna Shri Atal Bihari Vajpayee Ekana Cricket Stadium, Lucknow",SRH,LSG,Sunrisers Hyderabad,bat,LSG,wickets,5,122,20,N,,J Madanagopal,YC Barde
960,1359485,2023,Guwahati,08-04-2023,League,YBK Jaiswal,"Barsapara Cricket Stadium, Guwahati",RR,DC,Delhi Capitals,field,RR,runs,57,200,20,N,,Navdeep Singh,MV Saidharshan Kumar
961,1359486,2023,Mumbai,08-04-2023,League,RA Jadeja,"Wankhede Stadium, Mumbai",MI,CSK,Chennai Super Kings,field,CSK,wickets,7,158,20,N,,CB Gaffaney,NA Patwardhan
962,1359487,2023,Ahmedabad,09-04-2023,League,RK Singh,"Narendra Modi Stadium, Ahmedabad",GT,KKR,Gujarat Titans,bat,KKR,wickets,3,205,20,N,,Nitin Menon,Tapan Sharma
963,1359488,2023,Hyderabad,09-04-2023,League,S Dhawan,"Rajiv Gandhi International Stadium, Uppal, Hyderabad",KXIP,SRH,Sunrisers Hyderabad,field,SRH,wickets,8,144,20,N,,BNJ Oxenford,UV Gandhe
964,1359489,2023,Bengaluru,10-04-2023,League,N Pooran,"M Chinnaswamy Stadium, Bengaluru",RCB,LSG,Lucknow Super Giants,field,LSG,wickets,1,213,20,N,,AK Chaudhary,A Nand Kishore
965,1359490,2023,Delhi,11-04-2023,League,RG Sharma,"Arun Jaitley Stadium, Delhi",DC,MI,Mumbai Indians,field,MI,wickets,6,173,20,N,,MA Gough,R Pandit
966,1359491,2023,Chennai,12-04-2023,League,R Ashwin,"MA Chidambaram Stadium, Chepauk, Chennai",RR,CSK,Chennai Super Kings,field,RR,runs,3,176,20,N,,Vinod Seshan,VK Sharma
967,1359492,2023,Chandigarh,13-04-2023,League,MM Sharma,"Punjab Cricket Association IS Bindra Stadium, Mohali, Chandigarh",KXIP,GT,Gujarat Titans,field,GT,wickets,6,154,20,N,,A Totre,J Madanagopal
968,1359493,2023,Kolkata,14-04-2023,League,HC Brook,"Eden Gardens, Kolkata",SRH,KKR,Kolkata Knight Riders,field,SRH,runs,23,229,20,N,,CB Gaffaney,GR Sadashiv Iyer
969,1359494,2023,Bengaluru,15-04-2023,League,V Kohli,"M Chinnaswamy Stadium, Bengaluru",RCB,DC,Delhi Capitals,field,RCB,runs,23,175,20,N,,KN Ananthapadmanabhan,MV Saidharshan Kumar
970,1359495,2023,Lucknow,15-04-2023,League,Sikandar Raza,"Bharat Ratna Shri Atal Bihari Vajpayee Ekana Cricket Stadium, Lucknow",LSG,KXIP,Punjab Kings,field,KXIP,wickets,2,160,20,N,,HAS Khalid,VK Sharma
971,1359496,2023,Mumbai,16-04-2023,League,VR Iyer,"Wankhede Stadium, Mumbai",KKR,MI,Mumbai Indians,field,MI,wickets,5,186,20,N,,BNJ Oxenford,UV Gandhe
972,1359497,2023,Ahmedabad,16-04-2023,League,SO Hetmyer,"Narendra Modi Stadium, Ahmedabad",GT,RR,Rajasthan Royals,field,RR,wickets,3,178,20,N,,AK Chaudhary,CB Gaffaney
973,1359498,2023,Bengaluru,17-04-2023,League,DP Conway,"M Chinnaswamy Stadium, Bengaluru",CSK,RCB,Royal Challengers Bangalore,field,CSK,runs,8,227,20,N,,KN Ananthapadmanabhan,Navdeep Singh
974,1359499,2023,Hyderabad,18-04-2023,League,C Green,"Rajiv Gandhi International Stadium, Uppal, Hyderabad",MI,SRH,Sunrisers Hyderabad,field,MI,runs,14,193,20,N,,Nitin Menon,Vinod Seshan
975,1359500,2023,Jaipur,19-04-2023,League,MP Stoinis,"Sawai Mansingh Stadium, Jaipur",LSG,RR,Rajasthan Royals,field,LSG,runs,10,155,20,N,,J Madanagopal,YC Barde
976,1359501,2023,Chandigarh,20-04-2023,League,Mohammed Siraj,"Punjab Cricket Association IS Bindra Stadium, Mohali, Chandigarh",RCB,KXIP,Punjab Kings,field,RCB,runs,24,175,20,N,,AK Chaudhary,GR Sadashiv Iyer
977,1359502,2023,Delhi,20-04-2023,League,I Sharma,"Arun Jaitley Stadium, Delhi",KKR,DC,Delhi Capitals,field,DC,wickets,4,128,20,N,,MA Gough,R Pandit
978,1359503,2023,Chennai,21-04-2023,League,RA Jadeja,"MA Chidambaram Stadium, Chepauk, Chennai",SRH,CSK,Chennai Super Kings,field,CSK,wickets,7,135,20,N,,HAS Khalid,VK Sharma
979,1359504,2023,Lucknow,22-04-2023,League,MM Sharma,"Bharat Ratna Shri Atal Bihari Vajpayee Ekana Cricket Stadium, Lucknow",GT,LSG,Gujarat Titans,bat,GT,runs,7,136,20,N,,A Totre,RJ Tucker
980,1359505,2023,Mumbai,22-04-2023,League,SM Curran,"Wankhede Stadium, Mumbai",KXIP,MI,Mumbai Indians,field,KXIP,runs,13,215,20,N,,CB Gaffaney,GR Sadashiv Iyer
981,1359506,2023,Bengaluru,23-04-2023,League,GJ Maxwell,"M Chinnaswamy Stadium, Bengaluru",RCB,RR,Rajasthan Royals,field,RCB,runs,7,190,20,N,,MA Gough,MV Saidharshan Kumar
982,1359507,2023,Kolkata,23-04-2023,League,AM Rahane,"Eden Gardens, Kolkata",CSK,KKR,Kolkata Knight Riders,field,CSK,runs,49,236,20,N,,Nitin Menon,Tapan Sharma
983,1359508,2023,Hyderabad,24-04-2023,League,AR Patel,"Rajiv Gandhi International Stadium, Uppal, Hyderabad",DC,SRH,Delhi Capitals,bat,DC,runs,7,145,20,N,,J Madanagopal,RJ Tucker
984,1359509,2023,Ahmedabad,25-04-2023,League,A Manohar,"Narendra Modi Stadium, Ahmedabad",GT,MI,Mumbai Indians,field,GT,runs,55,208,20,N,,AK Chaudhary,A Nand Kishore
985,1359510,2023,Bengaluru,26-04-2023,League,CV Varun,"M Chinnaswamy Stadium, Bengaluru",KKR,RCB,Royal Challengers Bangalore,field,KKR,runs,21,201,20,N,,KN Ananthapadmanabhan,R Pandit
986,1359511,2023,Jaipur,27-04-2023,League,YBK Jaiswal,"Sawai Mansingh Stadium, Jaipur",RR,CSK,Rajasthan Royals,bat,RR,runs,32,203,20,N,,A Totre,YC Barde
987,1359512,2023,Chandigarh,28-04-2023,League,MP Stoinis,"Punjab Cricket Association IS Bindra Stadium, Mohali, Chandigarh",LSG,KXIP,Punjab Kings,field,LSG,runs,56,258,20,N,,Nitin Menon,Vinod Seshan
988,1359513,2023,Kolkata,29-04-2023,League,J Little,"Eden Gardens, Kolkata",KKR,GT,Gujarat Titans,field,GT,wickets,7,180,20,N,,NA Patwardhan,GR Sadashiv Iyer
989,1359514,2023,Delhi,29-04-2023,League,MR Marsh,"Arun Jaitley Stadium, Delhi",SRH,DC,Sunrisers Hyderabad,bat,SRH,runs,9,198,20,N,,MA Gough,Navdeep Singh
990,1359515,2023,Chennai,30-04-2023,League,DP Conway,"MA Chidambaram Stadium, Chepauk, Chennai",CSK,KXIP,Chennai Super Kings,bat,KXIP,wickets,4,201,20,N,,RJ Tucker,UV Gandhe
991,1359516,2023,Mumbai,30-04-2023,League,YBK Jaiswal,"Wankhede Stadium, Mumbai",RR,MI,Rajasthan Royals,bat,MI,wickets,6,213,20,N,,Vinod Seshan,VK Sharma
992,1359517,2023,Lucknow,01-05-2023,League,F du Plessis,"Bharat Ratna Shri Atal Bihari Vajpayee Ekana Cricket Stadium, Lucknow",RCB,LSG,Royal Challengers Bangalore,bat,RCB,runs,18,127,20,N,,AK Chaudhary,GR Sadashiv Iyer
993,1359518,2023,Ahmedabad,02-05-2023,League,Mohammed Shami,"Narendra Modi Stadium, Ahmedabad",DC,GT,Delhi Capitals,bat,DC,runs,5,131,20,N,,MA Gough,R Pandit
994,1359519,2023,Lucknow,03-05-2023,League,,"Bharat Ratna Shri Atal Bihari Vajpayee Ekana Cricket Stadium, Lucknow",LSG,CSK,Chennai Super Kings,field,,no result,,,,N,,AK Chaudhary,NA Patwardhan
995,1359520,2023,Chandigarh,03-05-2023,League,Ishan Kishan,"Punjab Cricket Association IS Bindra Stadium, Mohali, Chandigarh",KXIP,MI,Mumbai Indians,field,MI,wickets,6,215,20,N,,J Madanagopal,RJ Tucker
996,1359521,2023,Hyderabad,04-05-2023,League,CV Varun,"Rajiv Gandhi International Stadium, Uppal, Hyderabad",KKR,SRH,Kolkata Knight Riders,bat,KKR,runs,5,172,20,N,,KN Ananthapadmanabhan,MA Gough
997,1359522,2023,Jaipur,05-05-2023,League,Rashid Khan,"Sawai Mansingh Stadium, Jaipur",RR,GT,Rajasthan Royals,bat,GT,wickets,9,119,20,N,,HAS Khalid,VK Sharma
998,1359523,2023,Chennai,06-05-2023,League,M Pathirana,"MA Chidambaram Stadium, Chepauk, Chennai",MI,CSK,Chennai Super Kings,field,CSK,wickets,6,140,20,N,,BNJ Oxenford,Navdeep Singh
999,1359524,2023,Delhi,06-05-2023,League,PD Salt,"Arun Jaitley Stadium, Delhi",RCB,DC,Royal Challengers Bangalore,bat,DC,wickets,7,182,20,N,,RJ Tucker,YC Barde
1000,1359525,2023,Ahmedabad,07-05-2023,League,Shubman Gill,"Narendra Modi Stadium, Ahmedabad",GT,LSG,Lucknow Super Giants,field,GT,runs,56,228,20,N,,AK Chaudhary,A Nand Kishore
1001,1359526,2023,Jaipur,07-05-2023,League,GD Phillips,"Sawai Mansingh Stadium, Jaipur",RR,SRH,Rajasthan Royals,bat,SRH,wickets,4,215,20,N,,Nitin Menon,Vinod Seshan
1002,1359527,2023,Kolkata,08-05-2023,League,AD Russell,"Eden Gardens, Kolkata",KXIP,KKR,Punjab Kings,bat,KKR,wickets,5,180,20,N,,A Totre,J Madanagopal
1003,1359528,2023,Mumbai,09-05-2023,League,SA Yadav,"Wankhede Stadium, Mumbai",RCB,MI,Mumbai Indians,field,MI,wickets,6,200,20,N,,HAS Khalid,VK Sharma
1004,1359529,2023,Chennai,10-05-2023,League,RA Jadeja,"MA Chidambaram Stadium, Chepauk, Chennai",CSK,DC,Chennai Super Kings,bat,CSK,runs,27,168,20,N,,CB Gaffaney,NA Patwardhan
1005,1359530,2023,Kolkata,11-05-2023,League,YBK Jaiswal,"Eden Gardens, Kolkata",KKR,RR,Rajasthan Royals,field,RR,wickets,9,150,20,N,,RJ Tucker,MV Saidharshan Kumar
1006,1359531,2023,Mumbai,12-05-2023,League,SA Yadav,"Wankhede Stadium, Mumbai",MI,GT,Gujarat Titans,field,MI,runs,27,219,20,N,,Nitin Menon,Tapan Sharma
1007,1359532,2023,Hyderabad,13-05-2023,League,PN Mankad,"Rajiv Gandhi International Stadium, Uppal, Hyderabad",SRH,LSG,Sunrisers Hyderabad,bat,LSG,wickets,7,183,20,N,,A Totre,J Madanagopal
1008,1359533,2023,Delhi,13-05-2023,League,P Simran Singh,"Arun Jaitley Stadium, Delhi",KXIP,DC,Delhi Capitals,field,KXIP,runs,31,168,20,N,,CB Gaffaney,NA Patwardhan
1009,1359534,2023,Jaipur,14-05-2023,League,WD Parnell,"Sawai Mansingh Stadium, Jaipur",RCB,RR,Royal Challengers Bangalore,bat,RCB,runs,112,172,20,N,,KN Ananthapadmanabhan,Navdeep Singh
1010,1359535,2023,Chennai,14-05-2023,League,RK Singh,"MA Chidambaram Stadium, Chepauk, Chennai",CSK,KKR,Chennai Super Kings,bat,KKR,wickets,6,145,20,N,,Tapan Sharma,Vinod Seshan
1011,1359536,2023,Ahmedabad,15-05-2023,League,Shubman Gill,"Narendra Modi Stadium, Ahmedabad",GT,SRH,Sunrisers Hyderabad,field,GT,runs,34,189,20,N,,J Madanagopal,UV Gandhe
1012,1359537,2023,Lucknow,16-05-2023,League,MP Stoinis,"Bharat Ratna Shri Atal Bihari Vajpayee Ekana Cricket Stadium, Lucknow",LSG,MI,Mumbai Indians,field,LSG,runs,5,178,20,N,,AK Chaudhary,A Nand Kishore
1013,1359538,2023,Dharamsala,17-05-2023,League,RR Rossouw,"Himachal Pradesh Cricket Association Stadium, Dharamsala",DC,KXIP,Punjab Kings,field,DC,runs,15,214,20,N,,KN Ananthapadmanabhan,MV Saidharshan Kumar
1014,1359539,2023,Hyderabad,18-05-2023,League,V Kohli,"Rajiv Gandhi International Stadium, Uppal, Hyderabad",SRH,RCB,Royal Challengers Bangalore,field,RCB,wickets,8,187,20,N,,BNJ Oxenford,VK Sharma
1015,1359540,2023,Dharamsala,19-05-2023,League,D Padikkal,"Himachal Pradesh Cricket Association Stadium, Dharamsala",KXIP,RR,Rajasthan Royals,field,RR,wickets,4,188,20,N,,A Nand Kishore,RJ Tucker
1016,1359541,2023,Delhi,20-05-2023,League,RD Gaikwad,"Arun Jaitley Stadium, Delhi",CSK,DC,Chennai Super Kings,bat,CSK,runs,77,224,20,N,,CB Gaffaney,NA Patwardhan
1017,1359542,2023,Kolkata,20-05-2023,League,N Pooran,"Eden Gardens, Kolkata",LSG,KKR,Kolkata Knight Riders,field,LSG,runs,1,177,20,N,,J Madanagopal,UV Gandhe
1018,1359543,2023,Mumbai,21-05-2023,League,C Green,"Wankhede Stadium, Mumbai",SRH,MI,Mumbai Indians,field,MI,wickets,8,201,20,N,,KN Ananthapadmanabhan,RJ Tucker
1019,1359544,2023,Bengaluru,21-05-2023,League,Shubman Gill,"M Chinnaswamy Stadium, Bengaluru",RCB,GT,Gujarat Titans,field,GT,wickets,6,198,20,N,,Nitin Menon,VK Sharma
1020,1370350,2023,Chennai,23-05-2023,Qualifier 1,RD Gaikwad,"MA Chidambaram Stadium, Chepauk, Chennai",CSK,GT,Gujarat Titans,field,CSK,runs,15,173,20,N,,AK Chaudhary,CB Gaffaney
1021,1370351,2023,Chennai,24-05-2023,Eliminator,Akash Madhwal,"MA Chidambaram Stadium, Chepauk, Chennai",MI,LSG,Mumbai Indians,bat,MI,runs,81,183,20,N,,BNJ Oxenford,VK Sharma
1022,1370352,2023,Ahmedabad,26-05-2023,Qualifier 2,Shubman Gill,"Narendra Modi Stadium, Ahmedabad",GT,MI,Mumbai Indians,field,GT,runs,62,234,20,N,,Nitin Menon,RJ Tucker
1023,1370353,2023,Ahmedabad,29-05-2023,Final,DP Conway,"Narendra Modi Stadium, Ahmedabad",GT,CSK,Chennai Super Kings,field,CSK,wickets,5,171,15,N,D/L,Nitin Menon,RJ Tucker
1024,1422119,2024,Chennai,22-03-2024,League,Mustafizur Rahman,"MA Chidambaram Stadium, Chepauk, Chennai",RCB,CSK,Royal Challengers Bengaluru,bat,CSK,wickets,6,174,20,N,,HAS Khalid,VK Sharma
1025,1422120,2024,Mohali,23-03-2024,League,SM Curran,"Maharaja Yadavindra Singh International Cricket Stadium, Mullanpur",DC,KXIP,Punjab Kings,field,KXIP,wickets,4,175,20,N,,J Madanagopal,NA Patwardhan
1026,1422121,2024,Kolkata,23-03-2024,League,AD Russell,"Eden Gardens, Kolkata",KKR,SRH,Sunrisers Hyderabad,field,KKR,runs,4,209,20,N,,R Pandit,YC Barde
1027,1422122,2024,Jaipur,24-03-2024,League,SV Samson,"Sawai Mansingh Stadium, Jaipur",RR,LSG,Rajasthan Royals,bat,RR,runs,20,194,20,N,,A Totre,HDPK Dharmasena
1028,1422123,2024,Ahmedabad,24-03-2024,League,B Sai Sudharsan,"Narendra Modi Stadium, Ahmedabad",GT,MI,Mumbai Indians,field,GT,runs,6,169,20,N,,VA Kulkarni,VK Sharma
1029,1422124,2024,Bengaluru,25-03-2024,League,V Kohli,"M Chinnaswamy Stadium, Bengaluru",KXIP,RCB,Royal Challengers Bengaluru,field,RCB,wickets,4,177,20,N,,AK Chaudhary,MV Saidharshan Kumar
1030,1422125,2024,Chennai,26-03-2024,League,S Dube,"MA Chidambaram Stadium, Chepauk, Chennai",CSK,GT,Gujarat Titans,field,CSK,runs,63,207,20,N,,AG Wharf,Tapan Sharma
1031,1422126,2024,Hyderabad,27-03-2024,League,Abhishek Sharma,"Rajiv Gandhi International Stadium, Uppal, Hyderabad",SRH,MI,Mumbai Indians,field,SRH,runs,31,278,20,N,,KN Ananthapadmanabhan,UV Gandhe
1032,1422127,2024,Jaipur,28-03-2024,League,R Parag,"Sawai Mansingh Stadium, Jaipur",RR,DC,Delhi Capitals,field,RR,runs,12,186,20,N,,A Nand Kishore,Nitin Menon
1033,1422128,2024,Bengaluru,29-03-2024,League,SP Narine,"M Chinnaswamy Stadium, Bengaluru",RCB,KKR,Kolkata Knight Riders,field,KKR,wickets,7,183,20,N,,AK Chaudhary,R Pandit
1034,1422129,2024,Lucknow,30-03-2024,League,MP Yadav,"Bharat Ratna Shri Atal Bihari Vajpayee Ekana Cricket Stadium, Lucknow",LSG,KXIP,Lucknow Super Giants,bat,LSG,runs,21,200,20,N,,J Madanagopal,Navdeep Singh
1035,1422130,2024,Ahmedabad,31-03-2024,League,MM Sharma,"Narendra Modi Stadium, Ahmedabad",SRH,GT,Sunrisers Hyderabad,bat,GT,wickets,7,163,20,N,,HAS Khalid,VK Sharma
1036,1422131,2024,Visakhapatnam,31-03-2024,League,KK Ahmed,"Dr. Y.S. Rajasekhara Reddy ACA-VDCA Cricket Stadium, Visakhapatnam",DC,CSK,Delhi Capitals,bat,DC,runs,20,192,20,N,,HDPK Dharmasena,Vinod Seshan
1037,1422132,2024,Mumbai,01-04-2024,League,TA Boult,"Wankhede Stadium, Mumbai",MI,RR,Rajasthan Royals,field,RR,wickets,6,126,20,N,,MV Saidharshan Kumar,YC Barde
1038,1422133,2024,Bengaluru,02-04-2024,League,MP Yadav,"M Chinnaswamy Stadium, Bengaluru",LSG,RCB,Royal Challengers Bengaluru,field,LSG,runs,28,182,20,N,,J Madanagopal,NA Patwardhan
1039,1422134,2024,Visakhapatnam,03-04-2024,League,SP Narine,"Dr. Y.S. Rajasekhara Reddy ACA-VDCA Cricket Stadium, Visakhapatnam",KKR,DC,Kolkata Knight Riders,bat,KKR,runs,106,273,20,N,,A Totre,UV Gandhe
1040,1422135,2024,Ahmedabad,04-04-2024,League,Shashank Singh,"Narendra Modi Stadium, Ahmedabad",GT,KXIP,Punjab Kings,field,KXIP,wickets,3,200,20,N,,Nitin Menon,VA Kulkarni
1041,1422136,2024,Hyderabad,05-04-2024,League,Abhishek Sharma,"Rajiv Gandhi International Stadium, Uppal, Hyderabad",CSK,SRH,Sunrisers Hyderabad,field,SRH,wickets,6,166,20,N,,R Pandit,YC Barde
1042,1422137,2024,Jaipur,06-04-2024,League,JC Buttler,"Sawai Mansingh Stadium, Jaipur",RCB,RR,Rajasthan Royals,field,RR,wickets,6,184,20,N,,AG Wharf,Tapan Sharma
1043,1422138,2024,Mumbai,07-04-2024,League,R Shepherd,"Wankhede Stadium, Mumbai",MI,DC,Delhi Capitals,field,MI,runs,29,235,20,N,,HDPK Dharmasena,UV Gandhe
1044,1422139,2024,Lucknow,07-04-2024,League,Yash Thakur,"Bharat Ratna Shri Atal Bihari Vajpayee Ekana Cricket Stadium, Lucknow",LSG,GT,Lucknow Super Giants,bat,LSG,runs,33,164,20,N,,A Nand Kishore,VK Sharma
1045,1426260,2024,Chennai,08-04-2024,League,RA Jadeja,"MA Chidambaram Stadium, Chepauk, Chennai",KKR,CSK,Chennai Super Kings,field,CSK,wickets,7,138,20,N,,AK Chaudhary,MV Saidharshan Kumar
1046,1426261,2024,Mohali,09-04-2024,League,Nithish Kumar Reddy,"Maharaja Yadavindra Singh International Cricket Stadium, Mullanpur",SRH,KXIP,Punjab Kings,field,SRH,runs,2,183,20,N,,Navdeep Singh,NA Patwardhan
1047,1426262,2024,Jaipur,10-04-2024,League,Rashid Khan,"Sawai Mansingh Stadium, Jaipur",RR,GT,Gujarat Titans,field,GT,wickets,3,197,20,N,,HDPK Dharmasena,Vinod Seshan
1048,1426263,2024,Mumbai,11-04-2024,League,JJ Bumrah,"Wankhede Stadium, Mumbai",RCB,MI,Mumbai Indians,field,MI,wickets,7,197,20,N,,Nitin Menon,VA Kulkarni
1049,1426264,2024,Lucknow,12-04-2024,League,Kuldeep Yadav,"Bharat Ratna Shri Atal Bihari Vajpayee Ekana Cricket Stadium, Lucknow",LSG,DC,Lucknow Super Giants,bat,DC,wickets,6,168,20,N,,R Pandit,YC Barde
1050,1426265,2024,Mohali,13-04-2024,League,SO Hetmyer,"Maharaja Yadavindra Singh International Cricket Stadium, Mullanpur",KXIP,RR,Rajasthan Royals,field,RR,wickets,3,148,20,N,,AK Chaudhary,Tapan Sharma
1051,1426266,2024,Kolkata,14-04-2024,League,PD Salt,"Eden Gardens, Kolkata",LSG,KKR,Kolkata Knight Riders,field,KKR,wickets,8,162,20,N,,A Totre,Vinod Seshan
1052,1426267,2024,Mumbai,14-04-2024,League,M Pathirana,"Wankhede Stadium, Mumbai",CSK,MI,Mumbai Indians,field,CSK,runs,20,207,20,N,,Nitin Menon,HAS Khalid
1053,1426268,2024,Bengaluru,15-04-2024,League,TM Head,"M Chinnaswamy Stadium, Bengaluru",SRH,RCB,Royal Challengers Bengaluru,field,SRH,runs,25,288,20,N,,AK Chaudhary,R Pandit
1054,1426269,2024,Kolkata,16-04-2024,League,JC Buttler,"Eden Gardens, Kolkata",KKR,RR,Rajasthan Royals,field,RR,wickets,2,224,20,N,,MA Gough,UV Gandhe
1055,1426270,2024,Ahmedabad,17-04-2024,League,RR Pant,"Narendra Modi Stadium, Ahmedabad",GT,DC,Delhi Capitals,field,DC,wickets,6,90,20,N,,NA Patwardhan,VK Sharma
1056,1426271,2024,Mohali,18-04-2024,League,JJ Bumrah,"Maharaja Yadavindra Singh International Cricket Stadium, Mullanpur",MI,KXIP,Punjab Kings,field,MI,runs,9,193,20,N,,A Nand Kishore,VA Kulkarni
1057,1426272,2024,Lucknow,19-04-2024,League,KL Rahul,"Bharat Ratna Shri Atal Bihari Vajpayee Ekana Cricket Stadium, Lucknow",CSK,LSG,Lucknow Super Giants,field,LSG,wickets,8,177,20,N,,AK Chaudhary,R Pandit
1058,1426273,2024,Delhi,20-04-2024,League,TM Head,"Arun Jaitley Stadium, Delhi",SRH,DC,Delhi Capitals,field,SRH,runs,67,267,20,N,,J Madanagopal,Navdeep Singh
1059,1426274,2024,Kolkata,21-04-2024,League,AD Russell,"Eden Gardens, Kolkata",KKR,RCB,Royal Challengers Bengaluru,field,KKR,runs,1,223,20,N,,A Totre,Vinod Seshan
1060,1426275,2024,Mohali,21-04-2024,League,R Sai Kishore,"Maharaja Yadavindra Singh International Cricket Stadium, Mullanpur",KXIP,GT,Punjab Kings,bat,GT,wickets,3,143,20,N,,A Nand Kishore,VA Kulkarni
1061,1426276,2024,Jaipur,22-04-2024,League,Sandeep Sharma,"Sawai Mansingh Stadium, Jaipur",MI,RR,Mumbai Indians,bat,RR,wickets,9,180,20,N,,AK Chaudhary,MV Saidharshan Kumar
1062,1426277,2024,Chennai,23-04-2024,League,MP Stoinis,"MA Chidambaram Stadium, Chepauk, Chennai",CSK,LSG,Lucknow Super Giants,field,LSG,wickets,6,211,20,N,,NA Patwardhan,Tapan Sharma
1063,1426278,2024,Delhi,24-04-2024,League,RR Pant,"Arun Jaitley Stadium, Delhi",DC,GT,Gujarat Titans,field,DC,runs,4,225,20,N,,KN Ananthapadmanabhan,UV Gandhe
1064,1426279,2024,Hyderabad,25-04-2024,League,RM Patidar,"Rajiv Gandhi International Stadium, Uppal, Hyderabad",RCB,SRH,Royal Challengers Bengaluru,bat,RCB,runs,35,207,20,N,,Nitin Menon,HAS Khalid
1065,1426280,2024,Kolkata,26-04-2024,League,JM Bairstow,"Eden Gardens, Kolkata",KKR,KXIP,Punjab Kings,field,KXIP,wickets,8,262,20,N,,AK Chaudhary,YC Barde
1066,1426281,2024,Delhi,27-04-2024,League,J Fraser-McGurk,"Arun Jaitley Stadium, Delhi",DC,MI,Mumbai Indians,field,DC,runs,10,258,20,N,,Navdeep Singh,NA Patwardhan
1067,1426282,2024,Lucknow,27-04-2024,League,SV Samson,"Bharat Ratna Shri Atal Bihari Vajpayee Ekana Cricket Stadium, Lucknow",LSG,RR,Rajasthan Royals,field,RR,wickets,7,197,20,N,,KN Ananthapadmanabhan,MA Gough
1068,1426283,2024,Ahmedabad,28-04-2024,League,WG Jacks,"Narendra Modi Stadium, Ahmedabad",GT,RCB,Royal Challengers Bengaluru,field,RCB,wickets,9,201,20,N,,Nitin Menon,VK Sharma
1069,1426284,2024,Chennai,28-04-2024,League,RD Gaikwad,"MA Chidambaram Stadium, Chepauk, Chennai",CSK,SRH,Sunrisers Hyderabad,field,CSK,runs,78,213,20,N,,R Pandit,MV Saidharshan Kumar
1070,1426285,2024,Kolkata,29-04-2024,League,CV Varun,"Eden Gardens, Kolkata",DC,KKR,Delhi Capitals,bat,KKR,wickets,7,154,20,N,,Navdeep Singh,Tapan Sharma
1071,1426286,2024,Lucknow,30-04-2024,League,MP Stoinis,"Bharat Ratna Shri Atal Bihari Vajpayee Ekana Cricket Stadium, Lucknow",MI,LSG,Lucknow Super Giants,field,LSG,wickets,4,145,20,N,,MA Gough,UV Gandhe
1072,1426287,2024,Chennai,01-05-2024,League,Harpreet Brar,"MA Chidambaram Stadium, Chepauk, Chennai",CSK,KXIP,Punjab Kings,field,KXIP,wickets,7,163,20,N,,HAS Khalid,VK Sharma
1073,1426288,2024,Hyderabad,02-05-2024,League,B Kumar,"Rajiv Gandhi International Stadium, Uppal, Hyderabad",SRH,RR,Sunrisers Hyderabad,bat,SRH,runs,1,202,20,N,,AK Chaudhary,YC Barde
1074,1426289,2024,Mumbai,03-05-2024,League,VR Iyer,"Wankhede Stadium, Mumbai",KKR,MI,Mumbai Indians,field,KKR,runs,24,170,20,N,,J Madanagopal,Tapan Sharma
1075,1426290,2024,Bengaluru,04-05-2024,League,Mohammed Siraj,"M Chinnaswamy Stadium, Bengaluru",GT,RCB,Royal Challengers Bengaluru,field,RCB,wickets,4,148,20,N,,A Totre,Vinod Seshan
1076,1426291,2024,Dharamsala,05-05-2024,League,RA Jadeja,"Himachal Pradesh Cricket Association Stadium, Dharamsala",CSK,KXIP,Punjab Kings,field,CSK,runs,28,168,20,N,,A Nand Kishore,VA Kulkarni
1077,1426292,2024,Lucknow,05-05-2024,League,SP Narine,"Bharat Ratna Shri Atal Bihari Vajpayee Ekana Cricket Stadium, Lucknow",KKR,LSG,Lucknow Super Giants,field,KKR,runs,98,236,20,N,,MV Saidharshan Kumar,YC Barde
1078,1426293,2024,Mumbai,06-05-2024,League,SA Yadav,"Wankhede Stadium, Mumbai",SRH,MI,Mumbai Indians,field,MI,wickets,7,174,20,N,,Navdeep Singh,Tapan Sharma
1079,1426294,2024,Delhi,07-05-2024,League,Kuldeep Yadav,"Arun Jaitley Stadium, Delhi",DC,RR,Rajasthan Royals,field,DC,runs,20,222,20,N,,KN Ananthapadmanabhan,UV Gandhe
1080,1426295,2024,Hyderabad,08-05-2024,League,TM Head,"Rajiv Gandhi International Stadium, Uppal, Hyderabad",LSG,SRH,Lucknow Super Giants,bat,SRH,wickets,10,166,20,N,,MV Saidharshan Kumar,YC Barde
1081,1426296,2024,Dharamsala,09-05-2024,League,V Kohli,"Himachal Pradesh Cricket Association Stadium, Dharamsala",RCB,KXIP,Punjab Kings,field,RCB,runs,60,242,20,N,,Nitin Menon,HAS Khalid
1082,1426297,2024,Ahmedabad,10-05-2024,League,Shubman Gill,"Narendra Modi Stadium, Ahmedabad",GT,CSK,Chennai Super Kings,field,GT,runs,35,232,20,N,,KN Ananthapadmanabhan,NA Patwardhan
1083,1426298,2024,Kolkata,11-05-2024,League,CV Varun,"Eden Gardens, Kolkata",KKR,MI,Mumbai Indians,field,KKR,runs,18,158,16,N,,UV Gandhe,Vinod Seshan
1084,1426299,2024,Chennai,12-05-2024,League,Simarjeet Singh,"MA Chidambaram Stadium, Chepauk, Chennai",RR,CSK,Rajasthan Royals,bat,CSK,wickets,5,142,20,N,,R Pandit,YC Barde
1085,1426300,2024,Bengaluru,12-05-2024,League,C Green,"M Chinnaswamy Stadium, Bengaluru",RCB,DC,Delhi Capitals,field,RCB,runs,47,188,20,N,,A Nand Kishore,VA Kulkarni
1086,1426302,2024,Delhi,14-05-2024,League,I Sharma,"Arun Jaitley Stadium, Delhi",DC,LSG,Lucknow Super Giants,field,DC,runs,19,209,20,N,,A Totre,Vinod Seshan
1087,1426303,2024,Guwahati,15-05-2024,League,SM Curran,"Barsapara Cricket Stadium, Guwahati",RR,KXIP,Rajasthan Royals,bat,KXIP,wickets,5,145,20,N,,R Pandit,MV Saidharshan Kumar
1088,1426305,2024,Mumbai,17-05-2024,League,N Pooran,"Wankhede Stadium, Mumbai",LSG,MI,Mumbai Indians,field,LSG,runs,18,215,20,N,,Navdeep Singh,R Pandit
1089,1426306,2024,Bengaluru,18-05-2024,League,F du Plessis,"M Chinnaswamy Stadium, Bengaluru",RCB,CSK,Chennai Super Kings,field,RCB,runs,27,219,20,N,,A Totre,KN Ananthapadmanabhan
1090,1426307,2024,Hyderabad,19-05-2024,League,Abhishek Sharma,"Rajiv Gandhi International Stadium, Uppal, Hyderabad",KXIP,SRH,Punjab Kings,bat,SRH,wickets,4,215,20,N,,Nitin Menon,VK Sharma
1091,1426309,2024,Ahmedabad,21-05-2024,Qualifier 1,MA Starc,"Narendra Modi Stadium, Ahmedabad",SRH,KKR,Sunrisers Hyderabad,bat,KKR,wickets,8,160,20,N,,AK Chaudhary,R Pandit
1092,1426310,2024,Ahmedabad,22-05-2024,Eliminator,R Ashwin,"Narendra Modi Stadium, Ahmedabad",RCB,RR,Rajasthan Royals,field,RR,wickets,4,173,20,N,,KN Ananthapadmanabhan,MV Saidharshan Kumar
1093,1426311,2024,Chennai,24-05-2024,Qualifier 2,Shahbaz Ahmed,"MA Chidambaram Stadium, Chepauk, Chennai",SRH,RR,Rajasthan Royals,field,SRH,runs,36,176,20,N,,Nitin Menon,VK Sharma
1094,1426312,2024,Chennai,26-05-2024,Final,MA Starc,"MA Chidambaram Stadium, Chepauk, Chennai",SRH,KKR,Sunrisers Hyderabad,bat,KKR,wickets,8,114,20,N,,J Madanagopal,Nitin Menon
