,Unnamed: 0,Year,team1,team2,Win_Prob,Win,team1_O,team2_O,Actual_Win,BOOL_DATA
0,0,2018,MI,CSK,1000,CSK,MI,CSK,CSK,True
1,1,2018,DC,KXIP,1000,KXIP,DC,KXIP,KXIP,True
2,2,2018,RCB,KKR,1000,KKR,RCB,KKR,KKR,True
3,3,2018,RR,SRH,1000,SRH,RR,SRH,SRH,True
4,4,2018,KKR,CSK,2000,CSK,KKR,CSK,CSK,True
5,5,2018,RR,DC,2000,DC,RR,DC,RR,False
6,6,2018,MI,SRH,3000,MI,MI,SRH,SRH,False
7,7,2018,KXIP,RCB,3000,RCB,KXIP,RCB,RCB,True
8,8,2018,MI,DC,4000,MI,MI,DC,DC,False
9,9,2018,KKR,SRH,4000,KKR,KKR,SRH,SRH,False
10,10,2018,RR,RCB,4000,RR,RR,RCB,RR,True
11,11,2018,KXIP,CSK,4000,KXIP,KXIP,CSK,KXIP,True
12,12,2018,KKR,DC,5000,KKR,KKR,DC,KKR,True
13,13,2018,MI,RCB,6000,MI,MI,RCB,MI,True
14,14,2018,RR,KKR,4000,RR,RR,KKR,KKR,False
15,15,2018,KXIP,SRH,6000,KXIP,KXIP,SRH,KXIP,True
16,16,2018,CSK,RR,7000,RR,CSK,RR,CSK,False
17,17,2018,KKR,KXIP,4000,KKR,KKR,KXIP,KXIP,False
18,18,2018,DC,RCB,4000,RCB,DC,RCB,RCB,True
19,19,2018,CSK,SRH,4000,SRH,CSK,SRH,CSK,False
20,20,2018,MI,RR,5000,RR,MI,RR,RR,True
21,21,2018,KXIP,DC,5000,KXIP,KXIP,DC,KXIP,True
22,22,2018,SRH,MI,5000,MI,SRH,MI,SRH,False
23,23,2018,RCB,CSK,4000,CSK,RCB,CSK,CSK,True
24,24,2018,SRH,KXIP,4000,KXIP,SRH,KXIP,SRH,False
25,25,2018,DC,KKR,6000,KKR,DC,KKR,DC,False
26,26,2018,CSK,MI,5000,MI,CSK,MI,MI,True
27,27,2018,SRH,RR,5000,RR,SRH,RR,SRH,False
28,28,2018,RCB,KKR,5000,KKR,RCB,KKR,KKR,True
29,29,2018,CSK,DC,4000,DC,CSK,DC,CSK,False
30,30,2018,RCB,MI,4000,MI,RCB,MI,RCB,False
31,31,2018,DC,RR,4000,RR,DC,RR,DC,False
32,32,2018,CSK,KKR,4000,KKR,CSK,KKR,KKR,True
33,33,2018,KXIP,MI,4000,MI,KXIP,MI,MI,True
34,34,2018,RCB,CSK,5000,CSK,RCB,CSK,CSK,True
35,35,2018,DC,SRH,3000,SRH,DC,SRH,SRH,True
36,36,2018,MI,KKR,4000,KKR,MI,KKR,MI,False
37,37,2018,RR,KXIP,4000,KXIP,RR,KXIP,KXIP,True
38,38,2018,SRH,RCB,5000,RCB,SRH,RCB,SRH,False
39,39,2018,RR,KXIP,4000,KXIP,RR,KXIP,RR,False
40,40,2018,MI,KKR,4000,KKR,MI,KKR,MI,False
41,41,2018,DC,SRH,3000,SRH,DC,SRH,SRH,True
42,42,2018,CSK,RR,3000,RR,CSK,RR,RR,True
43,43,2018,KKR,KXIP,4000,KXIP,KKR,KXIP,KKR,False
44,44,2018,DC,RCB,4000,RCB,DC,RCB,RCB,True
45,45,2018,SRH,CSK,4000,CSK,SRH,CSK,CSK,True
46,46,2018,MI,RR,3000,RR,MI,RR,RR,True
47,47,2018,KXIP,RCB,3000,RCB,KXIP,RCB,RCB,True
48,48,2018,RR,KKR,5000,KKR,RR,KKR,KKR,True
49,49,2018,MI,KXIP,5000,MI,MI,KXIP,MI,True
50,50,2018,RCB,SRH,4000,SRH,RCB,SRH,RCB,False
51,51,2018,DC,CSK,4000,CSK,DC,CSK,DC,False
52,52,2018,RR,RCB,4000,RCB,RR,RCB,RR,False
53,53,2018,SRH,KKR,3000,KKR,SRH,KKR,KKR,True
54,54,2018,DC,MI,4000,DC,DC,MI,DC,True
55,55,2018,KXIP,CSK,3000,CSK,KXIP,CSK,CSK,True
56,56,2018,SRH,CSK,4000,CSK,SRH,CSK,CSK,True
57,57,2018,KKR,RR,4000,KKR,KKR,RR,KKR,True
58,58,2018,SRH,KKR,4000,KKR,SRH,KKR,SRH,False
59,59,2018,SRH,CSK,4000,CSK,SRH,CSK,CSK,True
60,60,2019,RCB,CSK,1000,CSK,RCB,CSK,CSK,True
61,61,2019,SRH,KKR,1000,KKR,SRH,KKR,KKR,True
62,62,2019,DC,MI,1000,MI,DC,MI,DC,False
63,63,2019,KXIP,RR,1000,RR,KXIP,RR,KXIP,False
64,64,2019,DC,CSK,3000,DC,DC,CSK,CSK,False
65,65,2019,KKR,KXIP,3000,KXIP,KKR,KXIP,KKR,False
66,66,2019,MI,RCB,3000,RCB,MI,RCB,MI,False
67,67,2019,RR,SRH,3000,SRH,RR,SRH,SRH,True
68,68,2019,MI,KXIP,3000,KXIP,MI,KXIP,KXIP,True
69,69,2019,KKR,DC,4000,DC,KKR,DC,DC,True
70,70,2019,SRH,RCB,3000,RCB,SRH,RCB,SRH,False
71,71,2019,CSK,RR,4000,RR,CSK,RR,CSK,False
72,72,2019,KXIP,DC,4000,DC,KXIP,DC,KXIP,False
73,73,2019,RCB,RR,3000,RR,RCB,RR,RR,True
74,74,2019,MI,CSK,3000,CSK,MI,CSK,MI,False
75,75,2019,DC,SRH,4000,SRH,DC,SRH,SRH,True
76,76,2019,RCB,KKR,4000,KKR,RCB,KKR,KKR,True
77,77,2019,CSK,KXIP,4000,KXIP,CSK,KXIP,CSK,False
78,78,2019,MI,SRH,4000,MI,MI,SRH,MI,True
79,79,2019,RCB,DC,5000,RCB,RCB,DC,DC,False
80,80,2019,RR,KKR,5000,KKR,RR,KKR,KKR,True
81,81,2019,SRH,KXIP,5000,SRH,SRH,KXIP,KXIP,False
82,82,2019,KKR,CSK,5000,KKR,KKR,CSK,CSK,False
83,83,2019,KXIP,MI,5000,MI,KXIP,MI,MI,True
84,84,2019,RR,CSK,5000,RR,RR,CSK,CSK,False
85,85,2019,KKR,DC,5000,DC,KKR,DC,DC,True
86,86,2019,MI,RR,4000,MI,MI,RR,RR,False
87,87,2019,KXIP,RCB,5000,KXIP,KXIP,RCB,RCB,False
88,88,2019,KKR,CSK,5000,KKR,KKR,CSK,CSK,False
89,89,2019,DC,SRH,4000,SRH,DC,SRH,DC,False
90,90,2019,RCB,MI,5000,RCB,RCB,MI,MI,False
91,91,2019,KXIP,RR,4000,RR,KXIP,RR,KXIP,False
92,92,2019,CSK,SRH,5000,SRH,CSK,SRH,SRH,True
93,93,2019,MI,DC,3000,MI,MI,DC,MI,True
94,94,2019,RCB,KKR,4000,RCB,RCB,KKR,RCB,True
95,95,2019,MI,RR,5000,MI,MI,RR,RR,False
96,96,2019,KXIP,DC,4000,DC,KXIP,DC,DC,True
97,97,2019,KKR,SRH,5000,KKR,KKR,SRH,SRH,False
98,98,2019,RCB,CSK,5000,RCB,RCB,CSK,RCB,True
99,99,2019,RR,DC,3000,DC,RR,DC,DC,True
100,100,2019,SRH,CSK,4000,SRH,SRH,CSK,CSK,False
101,101,2019,RCB,KXIP,4000,RCB,RCB,KXIP,RCB,True
102,102,2019,KKR,RR,3000,RR,KKR,RR,RR,True
103,103,2019,MI,CSK,3000,MI,MI,CSK,MI,True
104,104,2019,SRH,RR,5000,SRH,SRH,RR,RR,False
105,105,2019,DC,RCB,5000,RCB,DC,RCB,DC,False
106,106,2019,KKR,MI,5000,MI,KKR,MI,KKR,False
107,107,2019,SRH,KXIP,4000,KXIP,SRH,KXIP,SRH,False
108,108,2019,RCB,RR,3000,RR,RCB,RR,,False
109,109,2019,CSK,DC,3000,CSK,CSK,DC,CSK,True
110,110,2019,MI,SRH,3000,SRH,MI,SRH,MI,False
111,111,2019,KXIP,KKR,4000,KKR,KXIP,KKR,KKR,True
112,112,2019,RR,DC,4000,DC,RR,DC,DC,True
113,113,2019,SRH,RCB,5000,RCB,SRH,RCB,RCB,True
114,114,2019,CSK,KXIP,4000,KXIP,CSK,KXIP,KXIP,True
115,115,2019,KKR,MI,6000,MI,KKR,MI,MI,True
116,116,2019,CSK,MI,3000,MI,CSK,MI,MI,True
117,117,2019,SRH,DC,4000,SRH,SRH,DC,DC,False
118,118,2019,DC,CSK,4000,CSK,DC,CSK,CSK,True
119,119,2019,MI,CSK,4000,MI,MI,CSK,MI,True
120,120,2020,MI,CSK,1000,CSK,MI,CSK,CSK,True
121,121,2020,DC,KXIP,1000,KXIP,DC,KXIP,DC,False
122,122,2020,RCB,SRH,1000,SRH,RCB,SRH,RCB,False
123,123,2020,RR,CSK,2000,RR,RR,CSK,RR,True
124,124,2020,MI,KKR,2000,MI,MI,KKR,MI,True
125,125,2020,KXIP,RCB,3000,RCB,KXIP,RCB,KXIP,False
126,126,2020,DC,CSK,4000,DC,DC,CSK,DC,True
127,127,2020,SRH,KKR,2000,KKR,SRH,KKR,KKR,True
128,128,2020,KXIP,RR,3000,RR,KXIP,RR,RR,True
129,129,2020,RCB,MI,4000,MI,RCB,MI,RCB,False
130,130,2020,SRH,DC,4000,DC,SRH,DC,SRH,False
131,131,2020,KKR,RR,4000,RR,KKR,RR,KKR,False
132,132,2020,MI,KXIP,4000,MI,MI,KXIP,MI,True
133,133,2020,SRH,CSK,5000,SRH,SRH,CSK,SRH,True
134,134,2020,RR,RCB,4000,RCB,RR,RCB,RCB,True
135,135,2020,DC,KKR,5000,DC,DC,KKR,DC,True
136,136,2020,KXIP,CSK,4000,KXIP,KXIP,CSK,CSK,False
137,137,2020,MI,SRH,4000,MI,MI,SRH,MI,True
138,138,2020,DC,RCB,4000,DC,DC,RCB,DC,True
139,139,2020,MI,RR,5000,MI,MI,RR,MI,True
140,140,2020,KKR,CSK,5000,KKR,KKR,CSK,KKR,True
141,141,2020,SRH,KXIP,4000,KXIP,SRH,KXIP,SRH,False
142,142,2020,DC,RR,3000,RR,DC,RR,DC,False
143,143,2020,KKR,KXIP,6000,KXIP,KKR,KXIP,KKR,False
144,144,2020,RCB,CSK,4000,RCB,RCB,CSK,RCB,True
145,145,2020,SRH,RR,4000,RR,SRH,RR,RR,True
146,146,2020,DC,MI,4000,MI,DC,MI,MI,True
147,147,2020,RCB,KKR,4000,KKR,RCB,KKR,RCB,False
148,148,2020,CSK,SRH,6000,SRH,CSK,SRH,CSK,False
149,149,2020,DC,RR,4000,DC,DC,RR,DC,True
150,150,2020,RCB,KXIP,4000,RCB,RCB,KXIP,KXIP,False
151,151,2020,KKR,MI,4000,MI,KKR,MI,MI,True
152,152,2020,CSK,DC,5000,DC,CSK,DC,DC,True
153,153,2020,RR,RCB,5000,RCB,RR,RCB,RCB,True
154,154,2020,KKR,SRH,4000,SRH,KKR,SRH,KKR,False
155,155,2020,MI,KXIP,4000,MI,MI,KXIP,KXIP,False
156,156,2020,CSK,RR,4000,CSK,CSK,RR,RR,False
157,157,2020,DC,KXIP,4000,KXIP,DC,KXIP,KXIP,True
158,158,2020,KKR,RCB,4000,RCB,KKR,RCB,RCB,True
159,159,2020,RR,SRH,4000,SRH,RR,SRH,SRH,True
160,160,2020,CSK,MI,4000,CSK,CSK,MI,MI,False
161,161,2020,KKR,DC,2000,DC,KKR,DC,KKR,False
162,162,2020,KXIP,SRH,4000,KXIP,KXIP,SRH,KXIP,True
163,163,2020,MI,RR,2000,RR,MI,RR,RR,True
164,164,2020,RCB,CSK,4000,CSK,RCB,CSK,CSK,True
165,165,2020,KKR,KXIP,4000,KKR,KKR,KXIP,KXIP,False
166,166,2020,SRH,DC,5000,DC,SRH,DC,SRH,False
167,167,2020,RCB,MI,3000,RCB,RCB,MI,MI,False
168,168,2020,KKR,CSK,5000,KKR,KKR,CSK,CSK,False
169,169,2020,KXIP,RR,3000,KXIP,KXIP,RR,RR,False
170,170,2020,RCB,SRH,4000,RCB,RCB,SRH,SRH,False
171,171,2020,DC,MI,4000,MI,DC,MI,MI,True
172,172,2020,KXIP,CSK,4000,CSK,KXIP,CSK,CSK,True
173,173,2020,KKR,RR,6000,KKR,KKR,RR,KKR,True
174,174,2020,RCB,DC,5000,RCB,RCB,DC,DC,False
175,175,2020,MI,SRH,4000,SRH,MI,SRH,SRH,True
176,176,2020,MI,DC,4000,MI,MI,DC,MI,True
177,177,2020,RCB,SRH,4000,RCB,RCB,SRH,SRH,False
178,178,2020,DC,SRH,4000,DC,DC,SRH,DC,True
179,179,2020,DC,MI,3000,MI,DC,MI,MI,True
180,180,2021,MI,RCB,1000,RCB,MI,RCB,RCB,True
181,181,2021,CSK,DC,1000,DC,CSK,DC,DC,True
182,182,2021,KKR,SRH,1000,SRH,KKR,SRH,KKR,False
183,183,2021,KXIP,RR,1000,RR,KXIP,RR,KXIP,False
184,184,2021,MI,KKR,2000,KKR,MI,KKR,MI,False
185,185,2021,RCB,SRH,2000,SRH,RCB,SRH,RCB,False
186,186,2021,DC,RR,2000,RR,DC,RR,RR,True
187,187,2021,KXIP,CSK,2000,CSK,KXIP,CSK,CSK,True
188,188,2021,MI,SRH,3000,MI,MI,SRH,MI,True
189,189,2021,RCB,KKR,3000,KKR,RCB,KKR,RCB,False
190,190,2021,KXIP,DC,3000,KXIP,KXIP,DC,DC,False
191,191,2021,CSK,RR,3000,CSK,CSK,RR,CSK,True
192,192,2021,MI,DC,6000,MI,MI,DC,DC,False
193,193,2021,KXIP,SRH,7000,KXIP,KXIP,SRH,SRH,False
194,194,2021,CSK,KKR,5000,CSK,CSK,KKR,CSK,True
195,195,2021,RR,RCB,6000,RCB,RR,RCB,RCB,True
196,196,2021,MI,KXIP,4000,KXIP,MI,KXIP,KXIP,True
197,197,2021,KKR,RR,5000,KKR,KKR,RR,RR,False
198,198,2021,CSK,RCB,4000,RCB,CSK,RCB,CSK,False
199,199,2021,DC,SRH,5000,DC,DC,SRH,DC,True
200,200,2021,KXIP,KKR,6000,KXIP,KXIP,KKR,KKR,False
201,201,2021,RCB,DC,5000,RCB,RCB,DC,RCB,True
202,202,2021,SRH,CSK,6000,CSK,SRH,CSK,CSK,True
203,203,2021,RR,MI,7000,MI,RR,MI,MI,True
204,204,2021,KKR,DC,4000,DC,KKR,DC,DC,True
205,205,2021,KXIP,RCB,5000,KXIP,KXIP,RCB,KXIP,True
206,206,2021,CSK,MI,5000,MI,CSK,MI,MI,True
207,207,2021,RR,SRH,4000,SRH,RR,SRH,RR,False
208,208,2021,KXIP,DC,3000,DC,KXIP,DC,DC,True
209,209,2021,CSK,MI,5000,MI,CSK,MI,CSK,False
210,210,2021,RCB,KKR,6000,KKR,RCB,KKR,KKR,True
211,211,2021,RR,KXIP,5000,KXIP,RR,KXIP,RR,False
212,212,2021,SRH,DC,5000,DC,SRH,DC,DC,True
213,213,2021,MI,KKR,3000,KKR,MI,KKR,KKR,True
214,214,2021,RCB,CSK,5000,CSK,RCB,CSK,CSK,True
215,215,2021,DC,RR,5000,RR,DC,RR,DC,False
216,216,2021,KXIP,SRH,7000,KXIP,KXIP,SRH,KXIP,True
217,217,2021,KKR,CSK,4000,CSK,KKR,CSK,CSK,True
218,218,2021,RCB,MI,4000,MI,RCB,MI,RCB,False
219,219,2021,RR,SRH,4000,RR,RR,SRH,SRH,False
220,220,2021,DC,KKR,5000,KKR,DC,KKR,KKR,True
221,221,2021,KXIP,MI,4000,MI,KXIP,MI,MI,True
222,222,2021,RR,RCB,4000,RCB,RR,RCB,RCB,True
223,223,2021,SRH,CSK,6000,CSK,SRH,CSK,CSK,True
224,224,2021,KKR,KXIP,4000,KXIP,KKR,KXIP,KXIP,True
225,225,2021,CSK,RR,4000,RR,CSK,RR,RR,True
226,226,2021,MI,DC,6000,MI,MI,DC,DC,False
227,227,2021,RCB,KXIP,4000,KXIP,RCB,KXIP,RCB,False
228,228,2021,SRH,KKR,4000,KKR,SRH,KKR,KKR,True
229,229,2021,CSK,DC,4000,DC,CSK,DC,DC,True
230,230,2021,RR,MI,4000,MI,RR,MI,MI,True
231,231,2021,SRH,RCB,3000,RCB,SRH,RCB,SRH,False
232,232,2021,CSK,KXIP,4000,CSK,CSK,KXIP,KXIP,False
233,233,2021,KKR,RR,3000,RR,KKR,RR,KKR,False
234,234,2021,MI,SRH,4000,SRH,MI,SRH,MI,False
235,235,2021,DC,RCB,4000,DC,DC,RCB,RCB,False
236,236,2021,DC,CSK,4000,CSK,DC,CSK,CSK,True
237,237,2021,RCB,KKR,5000,KKR,RCB,KKR,KKR,True
238,238,2021,DC,KKR,4000,DC,DC,KKR,KKR,False
239,239,2021,CSK,KKR,3000,CSK,CSK,KKR,CSK,True
240,240,2022,CSK,KKR,1000,KKR,CSK,KKR,KKR,True
241,241,2022,MI,DC,1000,DC,MI,DC,DC,True
242,242,2022,RCB,KXIP,1000,KXIP,RCB,KXIP,KXIP,True
243,243,2022,LSG,GT,1000,GT,LSG,GT,GT,True
244,244,2022,RR,SRH,1000,SRH,RR,SRH,RR,False
245,245,2022,KKR,RCB,3000,RCB,KKR,RCB,RCB,True
246,246,2022,CSK,LSG,2000,LSG,CSK,LSG,LSG,True
247,247,2022,KXIP,KKR,2000,KKR,KXIP,KKR,KKR,True
248,248,2022,RR,MI,2000,MI,RR,MI,RR,False
249,249,2022,GT,DC,2000,DC,GT,DC,GT,False
250,250,2022,KXIP,CSK,4000,CSK,KXIP,CSK,KXIP,False
251,251,2022,LSG,SRH,3000,LSG,LSG,SRH,LSG,True
252,252,2022,RR,RCB,4000,RR,RR,RCB,RCB,False
253,253,2022,MI,KKR,4000,MI,MI,KKR,KKR,False
254,254,2022,DC,LSG,4000,LSG,DC,LSG,LSG,True
255,255,2022,KXIP,GT,4000,KXIP,KXIP,GT,GT,False
256,256,2022,CSK,SRH,4000,CSK,CSK,SRH,SRH,False
257,257,2022,MI,RCB,3000,RCB,MI,RCB,RCB,True
258,258,2022,DC,KKR,4000,KKR,DC,KKR,DC,False
259,259,2022,RR,LSG,6000,RR,RR,LSG,RR,True
260,260,2022,GT,SRH,4000,GT,GT,SRH,SRH,False
261,261,2022,CSK,RCB,6000,CSK,CSK,RCB,CSK,True
262,262,2022,KXIP,MI,5000,KXIP,KXIP,MI,KXIP,True
263,263,2022,GT,RR,6000,RR,GT,RR,GT,False
264,264,2022,KKR,SRH,5000,SRH,KKR,SRH,SRH,True
265,265,2022,LSG,MI,5000,MI,LSG,MI,LSG,False
266,266,2022,RCB,DC,5000,RCB,RCB,DC,RCB,True
267,267,2022,KXIP,SRH,6000,KXIP,KXIP,SRH,SRH,False
268,268,2022,CSK,GT,4000,CSK,CSK,GT,GT,False
269,269,2022,RR,KKR,7000,RR,RR,KKR,RR,True
270,270,2022,RCB,LSG,6000,LSG,RCB,LSG,RCB,False
271,271,2022,KXIP,DC,5000,KXIP,KXIP,DC,DC,False
272,272,2022,MI,CSK,6000,CSK,MI,CSK,CSK,True
273,273,2022,RR,DC,5000,RR,RR,DC,RR,True
274,274,2022,GT,KKR,6000,GT,GT,KKR,GT,True
275,275,2022,RCB,SRH,6000,RCB,RCB,SRH,SRH,False
276,276,2022,LSG,MI,5000,MI,LSG,MI,LSG,False
277,277,2022,KXIP,CSK,6000,CSK,KXIP,CSK,KXIP,False
278,278,2022,RR,RCB,5000,RR,RR,RCB,RR,True
279,279,2022,SRH,GT,5000,SRH,SRH,GT,GT,False
280,280,2022,KKR,DC,5000,KKR,KKR,DC,DC,False
281,281,2022,LSG,KXIP,5000,LSG,LSG,KXIP,LSG,True
282,282,2022,RCB,GT,5000,GT,RCB,GT,GT,True
283,283,2022,RR,MI,5000,MI,RR,MI,MI,True
284,284,2022,LSG,DC,6000,LSG,LSG,DC,LSG,True
285,285,2022,CSK,SRH,6000,CSK,CSK,SRH,CSK,True
286,286,2022,RR,KKR,5000,RR,RR,KKR,KKR,False
287,287,2022,GT,KXIP,4000,KXIP,GT,KXIP,KXIP,True
288,288,2022,RCB,CSK,5000,CSK,RCB,CSK,RCB,False
289,289,2022,DC,SRH,6000,SRH,DC,SRH,DC,False
290,290,2022,MI,GT,6000,MI,MI,GT,MI,True
291,291,2022,KXIP,RR,5000,RR,KXIP,RR,RR,True
292,292,2022,LSG,KKR,7000,LSG,LSG,KKR,LSG,True
293,293,2022,RCB,SRH,5000,SRH,RCB,SRH,RCB,False
294,294,2022,CSK,DC,6000,CSK,CSK,DC,CSK,True
295,295,2022,KKR,MI,4000,MI,KKR,MI,KKR,False
296,296,2022,GT,LSG,6000,GT,GT,LSG,GT,True
297,297,2022,RR,DC,4000,RR,RR,DC,DC,False
298,298,2022,CSK,MI,5000,CSK,CSK,MI,MI,False
299,299,2022,KXIP,RCB,4000,RCB,KXIP,RCB,KXIP,False
300,300,2022,KKR,SRH,6000,KKR,KKR,SRH,KKR,True
301,301,2022,CSK,GT,4000,GT,CSK,GT,GT,True
302,302,2022,RR,LSG,5000,RR,RR,LSG,RR,True
303,303,2022,DC,KXIP,6000,KXIP,DC,KXIP,DC,False
304,304,2022,SRH,MI,5000,MI,SRH,MI,SRH,False
305,305,2022,LSG,KKR,4000,KKR,LSG,KKR,LSG,False
306,306,2022,GT,RCB,5000,GT,GT,RCB,RCB,False
307,307,2022,CSK,RR,4000,CSK,CSK,RR,RR,False
308,308,2022,DC,MI,6000,MI,DC,MI,MI,True
309,309,2022,SRH,KXIP,5000,KXIP,SRH,KXIP,KXIP,True
310,310,2022,RR,GT,4000,GT,RR,GT,GT,True
311,311,2022,RCB,LSG,6000,LSG,RCB,LSG,RCB,False
312,312,2022,RCB,RR,8000,RR,RCB,RR,RR,True
313,313,2022,RR,GT,5000,RR,RR,GT,GT,False
314,314,2023,CSK,GT,1000,GT,CSK,GT,GT,True
315,315,2023,KXIP,KKR,1000,KKR,KXIP,KKR,KXIP,False
316,316,2023,LSG,DC,1000,DC,LSG,DC,LSG,False
317,317,2023,RR,SRH,1000,SRH,RR,SRH,RR,False
318,318,2023,MI,RCB,1000,RCB,MI,RCB,RCB,True
319,319,2023,CSK,LSG,2000,LSG,CSK,LSG,CSK,False
320,320,2023,DC,GT,2000,GT,DC,GT,GT,True
321,321,2023,KXIP,RR,2000,RR,KXIP,RR,KXIP,False
322,322,2023,KKR,RCB,2000,RCB,KKR,RCB,KKR,False
323,323,2023,SRH,LSG,3000,LSG,SRH,LSG,LSG,True
324,324,2023,RR,DC,3000,DC,RR,DC,RR,False
325,325,2023,MI,CSK,3000,CSK,MI,CSK,CSK,True
326,326,2023,GT,KKR,4000,KKR,GT,KKR,KKR,True
327,327,2023,KXIP,SRH,3000,KXIP,KXIP,SRH,SRH,False
328,328,2023,RCB,LSG,4000,LSG,RCB,LSG,LSG,True
329,329,2023,DC,MI,5000,MI,DC,MI,MI,True
330,330,2023,RR,CSK,4000,CSK,RR,CSK,RR,False
331,331,2023,KXIP,GT,6000,KXIP,KXIP,GT,GT,False
332,332,2023,SRH,KKR,4000,SRH,SRH,KKR,SRH,True
333,333,2023,RCB,DC,4000,DC,RCB,DC,RCB,False
334,334,2023,LSG,KXIP,6000,KXIP,LSG,KXIP,KXIP,True
335,335,2023,KKR,MI,6000,MI,KKR,MI,MI,True
336,336,2023,GT,RR,4000,RR,GT,RR,RR,True
337,337,2023,CSK,RCB,5000,CSK,CSK,RCB,CSK,True
338,338,2023,MI,SRH,5000,MI,MI,SRH,MI,True
339,339,2023,LSG,RR,4000,RR,LSG,RR,LSG,False
340,340,2023,RCB,KXIP,5000,KXIP,RCB,KXIP,RCB,False
341,341,2023,KKR,DC,5000,DC,KKR,DC,DC,True
342,342,2023,SRH,CSK,5000,CSK,SRH,CSK,CSK,True
343,343,2023,GT,LSG,5000,GT,GT,LSG,GT,True
344,344,2023,KXIP,MI,5000,KXIP,KXIP,MI,KXIP,True
345,345,2023,RCB,RR,6000,RR,RCB,RR,RCB,False
346,346,2023,CSK,KKR,5000,CSK,CSK,KKR,CSK,True
347,347,2023,DC,SRH,4000,SRH,DC,SRH,DC,False
348,348,2023,GT,MI,4000,MI,GT,MI,GT,False
349,349,2023,KKR,RCB,6000,RCB,KKR,RCB,KKR,False
350,350,2023,RR,CSK,5000,RR,RR,CSK,RR,True
351,351,2023,LSG,KXIP,6000,KXIP,LSG,KXIP,LSG,False
352,352,2023,KKR,GT,6000,GT,KKR,GT,GT,True
353,353,2023,SRH,DC,4000,DC,SRH,DC,SRH,False
354,354,2023,CSK,KXIP,5000,KXIP,CSK,KXIP,KXIP,True
355,355,2023,RR,MI,6000,MI,RR,MI,MI,True
356,356,2023,RCB,LSG,5000,RCB,RCB,LSG,RCB,True
357,357,2023,DC,GT,8000,GT,DC,GT,DC,False
358,358,2023,LSG,CSK,4000,CSK,LSG,CSK,,False
359,359,2023,KXIP,MI,5000,KXIP,KXIP,MI,MI,False
360,360,2023,KKR,SRH,7000,SRH,KKR,SRH,KKR,False
361,361,2023,RR,GT,6000,GT,RR,GT,GT,True
362,362,2023,MI,CSK,5000,MI,MI,CSK,CSK,False
363,363,2023,RCB,DC,6000,RCB,RCB,DC,DC,False
364,364,2023,GT,LSG,5000,GT,GT,LSG,GT,True
365,365,2023,RR,SRH,6000,SRH,RR,SRH,SRH,True
366,366,2023,KXIP,KKR,6000,KXIP,KXIP,KKR,KKR,False
367,367,2023,RCB,MI,3000,MI,RCB,MI,MI,True
368,368,2023,CSK,DC,5000,CSK,CSK,DC,CSK,True
369,369,2023,KKR,RR,4000,RR,KKR,RR,RR,True
370,370,2023,MI,GT,4000,GT,MI,GT,MI,False
371,371,2023,SRH,LSG,4000,LSG,SRH,LSG,LSG,True
372,372,2023,KXIP,DC,5000,KXIP,KXIP,DC,KXIP,True
373,373,2023,RCB,RR,7000,RCB,RCB,RR,RCB,True
374,374,2023,CSK,KKR,5000,CSK,CSK,KKR,KKR,False
375,375,2023,GT,SRH,5000,SRH,GT,SRH,GT,False
376,376,2023,LSG,MI,5000,MI,LSG,MI,LSG,False
377,377,2023,DC,KXIP,5000,KXIP,DC,KXIP,DC,False
378,378,2023,SRH,RCB,5000,SRH,SRH,RCB,RCB,False
379,379,2023,KXIP,RR,4000,KXIP,KXIP,RR,RR,False
380,380,2023,CSK,DC,5000,CSK,CSK,DC,CSK,True
381,381,2023,LSG,KKR,7000,LSG,LSG,KKR,LSG,True
382,382,2023,SRH,MI,5000,SRH,SRH,MI,MI,False
383,383,2023,RCB,GT,4000,GT,RCB,GT,GT,True
384,384,2023,CSK,GT,6000,GT,CSK,GT,CSK,False
385,385,2023,MI,LSG,5000,MI,MI,LSG,MI,True
386,386,2023,GT,MI,5000,GT,GT,MI,GT,True
387,387,2023,GT,CSK,6000,GT,GT,CSK,CSK,False
388,388,2024,RCB,CSK,1000,CSK,RCB,CSK,CSK,True
389,389,2024,DC,KXIP,1000,KXIP,DC,KXIP,KXIP,True
390,390,2024,KKR,SRH,1000,SRH,KKR,SRH,KKR,False
391,391,2024,RR,LSG,1000,LSG,RR,LSG,RR,False
392,392,2024,GT,MI,1000,MI,GT,MI,GT,False
393,393,2024,KXIP,RCB,3000,RCB,KXIP,RCB,RCB,True
394,394,2024,CSK,GT,3000,GT,CSK,GT,CSK,False
395,395,2024,SRH,MI,2000,MI,SRH,MI,SRH,False
396,396,2024,RR,DC,2000,DC,RR,DC,RR,False
397,397,2024,RCB,KKR,3000,KKR,RCB,KKR,KKR,True
398,398,2024,LSG,KXIP,3000,KXIP,LSG,KXIP,LSG,False
399,399,2024,SRH,GT,3000,GT,SRH,GT,GT,True
400,400,2024,DC,CSK,3000,CSK,DC,CSK,DC,False
401,401,2024,MI,RR,5000,RR,MI,RR,RR,True
402,402,2024,LSG,RCB,4000,RCB,LSG,RCB,LSG,False
403,403,2024,KKR,DC,4000,DC,KKR,DC,KKR,False
404,404,2024,GT,KXIP,4000,KXIP,GT,KXIP,KXIP,True
405,405,2024,CSK,SRH,4000,SRH,CSK,SRH,SRH,True
406,406,2024,RCB,RR,4000,RR,RCB,RR,RR,True
407,407,2024,MI,DC,5000,DC,MI,DC,MI,False
408,408,2024,LSG,GT,5000,LSG,LSG,GT,LSG,True
409,409,2024,KKR,CSK,4000,KKR,KKR,CSK,CSK,False
410,410,2024,SRH,KXIP,5000,SRH,SRH,KXIP,SRH,True
411,411,2024,RR,GT,5000,RR,RR,GT,GT,False
412,412,2024,RCB,MI,6000,RCB,RCB,MI,MI,False
413,413,2024,LSG,DC,4000,DC,LSG,DC,DC,True
414,414,2024,KXIP,RR,4000,RR,KXIP,RR,RR,True
415,415,2024,LSG,KKR,4000,KKR,LSG,KKR,KKR,True
416,416,2024,CSK,MI,4000,MI,CSK,MI,CSK,False
417,417,2024,SRH,RCB,5000,SRH,SRH,RCB,SRH,True
418,418,2024,KKR,RR,4000,RR,KKR,RR,RR,True
419,419,2024,GT,DC,5000,GT,GT,DC,DC,False
420,420,2024,MI,KXIP,6000,KXIP,MI,KXIP,MI,False
421,421,2024,CSK,LSG,5000,LSG,CSK,LSG,LSG,True
422,422,2024,SRH,DC,5000,SRH,SRH,DC,SRH,True
423,423,2024,KKR,RCB,5000,KKR,KKR,RCB,KKR,True
424,424,2024,KXIP,GT,5000,KXIP,KXIP,GT,GT,False
425,425,2024,MI,RR,6000,RR,MI,RR,RR,True
426,426,2024,CSK,LSG,5000,LSG,CSK,LSG,LSG,True
427,427,2024,DC,GT,5000,GT,DC,GT,DC,False
428,428,2024,RCB,SRH,5000,SRH,RCB,SRH,RCB,False
429,429,2024,KKR,KXIP,5000,KKR,KKR,KXIP,KXIP,False
430,430,2024,DC,MI,5000,MI,DC,MI,DC,False
431,431,2024,LSG,RR,4000,LSG,LSG,RR,RR,False
432,432,2024,GT,RCB,4000,RCB,GT,RCB,RCB,True
433,433,2024,CSK,SRH,4000,SRH,CSK,SRH,CSK,False
434,434,2024,DC,KKR,3000,KKR,DC,KKR,KKR,True
435,435,2024,MI,LSG,8000,LSG,MI,LSG,LSG,True
436,436,2024,CSK,KXIP,5000,CSK,CSK,KXIP,KXIP,False
437,437,2024,SRH,RR,6000,SRH,SRH,RR,SRH,True
438,438,2024,KKR,MI,7000,KKR,KKR,MI,KKR,True
439,439,2024,GT,RCB,4000,RCB,GT,RCB,RCB,True
440,440,2024,CSK,KXIP,5000,CSK,CSK,KXIP,CSK,True
441,441,2024,KKR,LSG,5000,LSG,KKR,LSG,KKR,False
442,442,2024,SRH,MI,4000,SRH,SRH,MI,MI,False
443,443,2024,DC,RR,5000,DC,DC,RR,DC,True
444,444,2024,LSG,SRH,8000,LSG,LSG,SRH,SRH,False
445,445,2024,RCB,KXIP,4000,RCB,RCB,KXIP,RCB,True
446,446,2024,GT,CSK,5000,GT,GT,CSK,GT,True
447,447,2024,KKR,MI,7000,KKR,KKR,MI,KKR,True
448,448,2024,RR,CSK,3000,CSK,RR,CSK,CSK,True
449,449,2024,RCB,DC,5000,DC,RCB,DC,RCB,False
450,450,2024,DC,LSG,5000,DC,DC,LSG,DC,True
451,451,2024,RR,KXIP,5000,RR,RR,KXIP,KXIP,False
452,452,2024,LSG,MI,5000,LSG,LSG,MI,LSG,True
453,453,2024,RCB,CSK,5000,CSK,RCB,CSK,RCB,False
454,454,2024,KXIP,SRH,5000,SRH,KXIP,SRH,SRH,True
455,455,2024,SRH,KKR,5000,SRH,SRH,KKR,KKR,False
456,456,2024,RCB,RR,5000,RR,RCB,RR,RR,True
457,457,2024,SRH,RR,4000,SRH,SRH,RR,SRH,True
458,458,2024,SRH,KKR,5000,SRH,SRH,KKR,KKR,False
