,Year,team1,team2,Win_Prob,Win,team1_O,team2_O,Actual_Win
0,2018,MI,CSK,1000,CSK,MI,CSK,CSK
1,2018,DC,KXIP,1000,KXIP,DC,KXIP,KXIP
2,2018,RCB,KKR,1000,KKR,RCB,KKR,KKR
3,2018,RR,SRH,1000,SRH,RR,SRH,SRH
4,2018,KKR,CSK,2000,CSK,KKR,CSK,CSK
5,2018,RR,DC,2000,DC,RR,DC,RR
6,2018,MI,SRH,3000,MI,MI,SRH,SRH
7,2018,KXIP,RCB,3000,RCB,KXIP,RCB,RCB
8,2018,MI,DC,4000,MI,MI,DC,DC
9,2018,KKR,SRH,4000,KKR,KKR,SRH,SRH
10,2018,RR,RCB,4000,RR,RR,RCB,RR
11,2018,KXIP,CSK,4000,KXIP,KXIP,CSK,KXIP
12,2018,KKR,DC,5000,KKR,KKR,DC,KKR
13,2018,MI,RCB,6000,MI,MI,RCB,MI
14,2018,RR,KKR,4000,RR,RR,KKR,KKR
15,2018,KXIP,SRH,6000,KXIP,KXIP,SRH,KXIP
16,2018,CSK,RR,7000,RR,CSK,RR,CSK
17,2018,KKR,KXIP,4000,KKR,KKR,KXIP,KXIP
18,2018,DC,RCB,4000,RCB,DC,RCB,RCB
19,2018,CSK,SRH,4000,SRH,CSK,SRH,CSK
20,2018,MI,RR,5000,RR,MI,RR,RR
21,2018,KXIP,DC,5000,KXIP,KXIP,DC,KXIP
22,2018,SRH,MI,5000,MI,SRH,MI,SRH
23,2018,RCB,CSK,4000,CSK,RCB,CSK,CSK
24,2018,SRH,KXIP,4000,KXIP,SRH,KXIP,SRH
25,2018,DC,KKR,6000,KKR,DC,KKR,DC
26,2018,CSK,MI,5000,MI,CSK,MI,MI
27,2018,SRH,RR,5000,RR,SRH,RR,SRH
28,2018,RCB,KKR,5000,KKR,RCB,KKR,KKR
29,2018,CSK,DC,4000,DC,CSK,DC,CSK
30,2018,RCB,MI,4000,MI,RCB,MI,RCB
31,2018,DC,RR,4000,RR,DC,RR,DC
32,2018,CSK,KKR,4000,KKR,CSK,KKR,KKR
33,2018,KXIP,MI,4000,MI,KXIP,MI,MI
34,2018,RCB,CSK,5000,CSK,RCB,CSK,CSK
35,2018,DC,SRH,3000,SRH,DC,SRH,SRH
36,2018,MI,KKR,4000,KKR,MI,KKR,MI
37,2018,RR,KXIP,4000,KXIP,RR,KXIP,KXIP
38,2018,SRH,RCB,5000,RCB,SRH,RCB,SRH
39,2018,RR,KXIP,4000,KXIP,RR,KXIP,RR
40,2018,MI,KKR,4000,KKR,MI,KKR,MI
41,2018,DC,SRH,3000,SRH,DC,SRH,SRH
42,2018,CSK,RR,3000,RR,CSK,RR,RR
43,2018,KKR,KXIP,4000,KXIP,KKR,KXIP,KKR
44,2018,DC,RCB,4000,RCB,DC,RCB,RCB
45,2018,SRH,CSK,4000,CSK,SRH,CSK,CSK
46,2018,MI,RR,3000,RR,MI,RR,RR
47,2018,KXIP,RCB,3000,RCB,KXIP,RCB,RCB
48,2018,RR,KKR,5000,KKR,RR,KKR,KKR
49,2018,MI,KXIP,5000,MI,MI,KXIP,MI
50,2018,RCB,SRH,4000,SRH,RCB,SRH,RCB
51,2018,DC,CSK,4000,CSK,DC,CSK,DC
52,2018,RR,RCB,4000,RCB,RR,RCB,RR
53,2018,SRH,KKR,3000,KKR,SRH,KKR,KKR
54,2018,DC,MI,4000,DC,DC,MI,DC
55,2018,KXIP,CSK,3000,CSK,KXIP,CSK,CSK
56,2018,SRH,CSK,4000,CSK,SRH,CSK,CSK
57,2018,KKR,RR,4000,KKR,KKR,RR,KKR
58,2018,SRH,KKR,4000,KKR,SRH,KKR,SRH
59,2018,SRH,CSK,4000,CSK,SRH,CSK,CSK
60,2019,RCB,CSK,1000,CSK,RCB,CSK,CSK
61,2019,SRH,KKR,1000,KKR,SRH,KKR,KKR
62,2019,DC,MI,1000,MI,DC,MI,DC
63,2019,KXIP,RR,1000,RR,KXIP,RR,KXIP
64,2019,DC,CSK,3000,DC,DC,CSK,CSK
65,2019,KKR,KXIP,3000,KXIP,KKR,KXIP,KKR
66,2019,MI,RCB,3000,RCB,MI,RCB,MI
67,2019,RR,SRH,3000,SRH,RR,SRH,SRH
68,2019,MI,KXIP,3000,KXIP,MI,KXIP,KXIP
69,2019,KKR,DC,4000,DC,KKR,DC,DC
70,2019,SRH,RCB,3000,RCB,SRH,RCB,SRH
71,2019,CSK,RR,4000,RR,CSK,RR,CSK
72,2019,KXIP,DC,4000,DC,KXIP,DC,KXIP
73,2019,RCB,RR,3000,RR,RCB,RR,RR
74,2019,MI,CSK,3000,CSK,MI,CSK,MI
75,2019,DC,SRH,4000,SRH,DC,SRH,SRH
76,2019,RCB,KKR,4000,KKR,RCB,KKR,KKR
77,2019,CSK,KXIP,4000,KXIP,CSK,KXIP,CSK
78,2019,MI,SRH,4000,MI,MI,SRH,MI
79,2019,RCB,DC,5000,RCB,RCB,DC,DC
80,2019,RR,KKR,5000,KKR,RR,KKR,KKR
81,2019,SRH,KXIP,5000,SRH,SRH,KXIP,KXIP
82,2019,KKR,CSK,5000,KKR,KKR,CSK,CSK
83,2019,KXIP,MI,5000,MI,KXIP,MI,MI
84,2019,RR,CSK,5000,RR,RR,CSK,CSK
85,2019,KKR,DC,5000,DC,KKR,DC,DC
86,2019,MI,RR,4000,MI,MI,RR,RR
87,2019,KXIP,RCB,5000,KXIP,KXIP,RCB,RCB
88,2019,KKR,CSK,5000,KKR,KKR,CSK,CSK
89,2019,DC,SRH,4000,SRH,DC,SRH,DC
90,2019,RCB,MI,5000,RCB,RCB,MI,MI
91,2019,KXIP,RR,4000,RR,KXIP,RR,KXIP
92,2019,CSK,SRH,5000,SRH,CSK,SRH,SRH
93,2019,MI,DC,3000,MI,MI,DC,MI
94,2019,RCB,KKR,4000,RCB,RCB,KKR,RCB
95,2019,MI,RR,5000,MI,MI,RR,RR
96,2019,KXIP,DC,4000,DC,KXIP,DC,DC
97,2019,KKR,SRH,5000,KKR,KKR,SRH,SRH
98,2019,RCB,CSK,5000,RCB,RCB,CSK,RCB
99,2019,RR,DC,3000,DC,RR,DC,DC
100,2019,SRH,CSK,4000,SRH,SRH,CSK,CSK
101,2019,RCB,KXIP,4000,RCB,RCB,KXIP,RCB
102,2019,KKR,RR,3000,RR,KKR,RR,RR
103,2019,MI,CSK,3000,MI,MI,CSK,MI
104,2019,SRH,RR,5000,SRH,SRH,RR,RR
105,2019,DC,RCB,5000,RCB,DC,RCB,DC
106,2019,KKR,MI,5000,MI,KKR,MI,KKR
107,2019,SRH,KXIP,4000,KXIP,SRH,KXIP,SRH
108,2019,RCB,RR,3000,RR,RCB,RR,
109,2019,CSK,DC,3000,CSK,CSK,DC,CSK
110,2019,MI,SRH,3000,SRH,MI,SRH,MI
111,2019,KXIP,KKR,4000,KKR,KXIP,KKR,KKR
112,2019,RR,DC,4000,DC,RR,DC,DC
113,2019,SRH,RCB,5000,RCB,SRH,RCB,RCB
114,2019,CSK,KXIP,4000,KXIP,CSK,KXIP,KXIP
115,2019,KKR,MI,6000,MI,KKR,MI,MI
116,2019,CSK,MI,3000,MI,CSK,MI,MI
117,2019,SRH,DC,4000,SRH,SRH,DC,DC
118,2019,DC,CSK,4000,CSK,DC,CSK,CSK
119,2019,MI,CSK,4000,MI,MI,CSK,MI
120,2020,MI,CSK,1000,CSK,MI,CSK,CSK
121,2020,DC,KXIP,1000,KXIP,DC,KXIP,DC
122,2020,RCB,SRH,1000,SRH,RCB,SRH,RCB
123,2020,RR,CSK,2000,RR,RR,CSK,RR
124,2020,MI,KKR,2000,MI,MI,KKR,MI
125,2020,KXIP,RCB,3000,RCB,KXIP,RCB,KXIP
126,2020,DC,CSK,4000,DC,DC,CSK,DC
127,2020,SRH,KKR,2000,KKR,SRH,KKR,KKR
128,2020,KXIP,RR,3000,RR,KXIP,RR,RR
129,2020,RCB,MI,4000,MI,RCB,MI,RCB
130,2020,SRH,DC,4000,DC,SRH,DC,SRH
131,2020,KKR,RR,4000,RR,KKR,RR,KKR
132,2020,MI,KXIP,4000,MI,MI,KXIP,MI
133,2020,SRH,CSK,5000,SRH,SRH,CSK,SRH
134,2020,RR,RCB,4000,RCB,RR,RCB,RCB
135,2020,DC,KKR,5000,DC,DC,KKR,DC
136,2020,KXIP,CSK,4000,KXIP,KXIP,CSK,CSK
137,2020,MI,SRH,4000,MI,MI,SRH,MI
138,2020,DC,RCB,4000,DC,DC,RCB,DC
139,2020,MI,RR,5000,MI,MI,RR,MI
140,2020,KKR,CSK,5000,KKR,KKR,CSK,KKR
141,2020,SRH,KXIP,4000,KXIP,SRH,KXIP,SRH
142,2020,DC,RR,3000,RR,DC,RR,DC
143,2020,KKR,KXIP,6000,KXIP,KKR,KXIP,KKR
144,2020,RCB,CSK,4000,RCB,RCB,CSK,RCB
145,2020,SRH,RR,4000,RR,SRH,RR,RR
146,2020,DC,MI,4000,MI,DC,MI,MI
147,2020,RCB,KKR,4000,KKR,RCB,KKR,RCB
148,2020,CSK,SRH,6000,SRH,CSK,SRH,CSK
149,2020,DC,RR,4000,DC,DC,RR,DC
150,2020,RCB,KXIP,4000,RCB,RCB,KXIP,KXIP
151,2020,KKR,MI,4000,MI,KKR,MI,MI
152,2020,CSK,DC,5000,DC,CSK,DC,DC
153,2020,RR,RCB,5000,RCB,RR,RCB,RCB
154,2020,KKR,SRH,4000,SRH,KKR,SRH,KKR
155,2020,MI,KXIP,4000,MI,MI,KXIP,KXIP
156,2020,CSK,RR,4000,CSK,CSK,RR,RR
157,2020,DC,KXIP,4000,KXIP,DC,KXIP,KXIP
158,2020,KKR,RCB,4000,RCB,KKR,RCB,RCB
159,2020,RR,SRH,4000,SRH,RR,SRH,SRH
160,2020,CSK,MI,4000,CSK,CSK,MI,MI
161,2020,KKR,DC,2000,DC,KKR,DC,KKR
162,2020,KXIP,SRH,4000,KXIP,KXIP,SRH,KXIP
163,2020,MI,RR,2000,RR,MI,RR,RR
164,2020,RCB,CSK,4000,CSK,RCB,CSK,CSK
165,2020,KKR,KXIP,4000,KKR,KKR,KXIP,KXIP
166,2020,SRH,DC,5000,DC,SRH,DC,SRH
167,2020,RCB,MI,3000,RCB,RCB,MI,MI
168,2020,KKR,CSK,5000,KKR,KKR,CSK,CSK
169,2020,KXIP,RR,3000,KXIP,KXIP,RR,RR
170,2020,RCB,SRH,4000,RCB,RCB,SRH,SRH
171,2020,DC,MI,4000,MI,DC,MI,MI
172,2020,KXIP,CSK,4000,CSK,KXIP,CSK,CSK
173,2020,KKR,RR,6000,KKR,KKR,RR,KKR
174,2020,RCB,DC,5000,RCB,RCB,DC,DC
175,2020,MI,SRH,4000,SRH,MI,SRH,SRH
176,2020,MI,DC,4000,MI,MI,DC,MI
177,2020,RCB,SRH,4000,RCB,RCB,SRH,SRH
178,2020,DC,SRH,4000,DC,DC,SRH,DC
179,2020,DC,MI,3000,MI,DC,MI,MI
180,2021,MI,RCB,1000,RCB,MI,RCB,RCB
181,2021,CSK,DC,1000,DC,CSK,DC,DC
182,2021,KKR,SRH,1000,SRH,KKR,SRH,KKR
183,2021,KXIP,RR,1000,RR,KXIP,RR,KXIP
184,2021,MI,KKR,2000,KKR,MI,KKR,MI
185,2021,RCB,SRH,2000,SRH,RCB,SRH,RCB
186,2021,DC,RR,2000,RR,DC,RR,RR
187,2021,KXIP,CSK,2000,CSK,KXIP,CSK,CSK
188,2021,MI,SRH,3000,MI,MI,SRH,MI
189,2021,RCB,KKR,3000,KKR,RCB,KKR,RCB
190,2021,KXIP,DC,3000,KXIP,KXIP,DC,DC
191,2021,CSK,RR,3000,CSK,CSK,RR,CSK
192,2021,MI,DC,6000,MI,MI,DC,DC
193,2021,KXIP,SRH,7000,KXIP,KXIP,SRH,SRH
194,2021,CSK,KKR,5000,CSK,CSK,KKR,CSK
195,2021,RR,RCB,6000,RCB,RR,RCB,RCB
196,2021,MI,KXIP,4000,KXIP,MI,KXIP,KXIP
197,2021,KKR,RR,5000,KKR,KKR,RR,RR
198,2021,CSK,RCB,4000,RCB,CSK,RCB,CSK
199,2021,DC,SRH,5000,DC,DC,SRH,DC
200,2021,KXIP,KKR,6000,KXIP,KXIP,KKR,KKR
201,2021,RCB,DC,5000,RCB,RCB,DC,RCB
202,2021,SRH,CSK,6000,CSK,SRH,CSK,CSK
203,2021,RR,MI,7000,MI,RR,MI,MI
204,2021,KKR,DC,4000,DC,KKR,DC,DC
205,2021,KXIP,RCB,5000,KXIP,KXIP,RCB,KXIP
206,2021,CSK,MI,5000,MI,CSK,MI,MI
207,2021,RR,SRH,4000,SRH,RR,SRH,RR
208,2021,KXIP,DC,3000,DC,KXIP,DC,DC
209,2021,CSK,MI,5000,MI,CSK,MI,CSK
210,2021,RCB,KKR,6000,KKR,RCB,KKR,KKR
211,2021,RR,KXIP,5000,KXIP,RR,KXIP,RR
212,2021,SRH,DC,5000,DC,SRH,DC,DC
213,2021,MI,KKR,3000,KKR,MI,KKR,KKR
214,2021,RCB,CSK,5000,CSK,RCB,CSK,CSK
215,2021,DC,RR,5000,RR,DC,RR,DC
216,2021,KXIP,SRH,7000,KXIP,KXIP,SRH,KXIP
217,2021,KKR,CSK,4000,CSK,KKR,CSK,CSK
218,2021,RCB,MI,4000,MI,RCB,MI,RCB
219,2021,RR,SRH,4000,RR,RR,SRH,SRH
220,2021,DC,KKR,5000,KKR,DC,KKR,KKR
221,2021,KXIP,MI,4000,MI,KXIP,MI,MI
222,2021,RR,RCB,4000,RCB,RR,RCB,RCB
223,2021,SRH,CSK,6000,CSK,SRH,CSK,CSK
224,2021,KKR,KXIP,4000,KXIP,KKR,KXIP,KXIP
225,2021,CSK,RR,4000,RR,CSK,RR,RR
226,2021,MI,DC,6000,MI,MI,DC,DC
227,2021,RCB,KXIP,4000,KXIP,RCB,KXIP,RCB
228,2021,SRH,KKR,4000,KKR,SRH,KKR,KKR
229,2021,CSK,DC,4000,DC,CSK,DC,DC
230,2021,RR,MI,4000,MI,RR,MI,MI
231,2021,SRH,RCB,3000,RCB,SRH,RCB,SRH
232,2021,CSK,KXIP,4000,CSK,CSK,KXIP,KXIP
233,2021,KKR,RR,3000,RR,KKR,RR,KKR
234,2021,MI,SRH,4000,SRH,MI,SRH,MI
235,2021,DC,RCB,4000,DC,DC,RCB,RCB
236,2021,DC,CSK,4000,CSK,DC,CSK,CSK
237,2021,RCB,KKR,5000,KKR,RCB,KKR,KKR
238,2021,DC,KKR,4000,DC,DC,KKR,KKR
239,2021,CSK,KKR,3000,CSK,CSK,KKR,CSK
240,2022,CSK,KKR,1000,KKR,CSK,KKR,KKR
241,2022,MI,DC,1000,DC,MI,DC,DC
242,2022,RCB,KXIP,1000,KXIP,RCB,KXIP,KXIP
243,2022,LSG,GT,1000,GT,LSG,GT,GT
244,2022,RR,SRH,1000,SRH,RR,SRH,RR
245,2022,KKR,RCB,3000,RCB,KKR,RCB,RCB
246,2022,CSK,LSG,2000,LSG,CSK,LSG,LSG
247,2022,KXIP,KKR,2000,KKR,KXIP,KKR,KKR
248,2022,RR,MI,2000,MI,RR,MI,RR
249,2022,GT,DC,2000,DC,GT,DC,GT
250,2022,KXIP,CSK,4000,CSK,KXIP,CSK,KXIP
251,2022,LSG,SRH,3000,LSG,LSG,SRH,LSG
252,2022,RR,RCB,4000,RR,RR,RCB,RCB
253,2022,MI,KKR,4000,MI,MI,KKR,KKR
254,2022,DC,LSG,4000,LSG,DC,LSG,LSG
255,2022,KXIP,GT,4000,KXIP,KXIP,GT,GT
256,2022,CSK,SRH,4000,CSK,CSK,SRH,SRH
257,2022,MI,RCB,3000,RCB,MI,RCB,RCB
258,2022,DC,KKR,4000,KKR,DC,KKR,DC
259,2022,RR,LSG,6000,RR,RR,LSG,RR
260,2022,GT,SRH,4000,GT,GT,SRH,SRH
261,2022,CSK,RCB,6000,CSK,CSK,RCB,CSK
262,2022,KXIP,MI,5000,KXIP,KXIP,MI,KXIP
263,2022,GT,RR,6000,RR,GT,RR,GT
264,2022,KKR,SRH,5000,SRH,KKR,SRH,SRH
265,2022,LSG,MI,5000,MI,LSG,MI,LSG
266,2022,RCB,DC,5000,RCB,RCB,DC,RCB
267,2022,KXIP,SRH,6000,KXIP,KXIP,SRH,SRH
268,2022,CSK,GT,4000,CSK,CSK,GT,GT
269,2022,RR,KKR,7000,RR,RR,KKR,RR
270,2022,RCB,LSG,6000,LSG,RCB,LSG,RCB
271,2022,KXIP,DC,5000,KXIP,KXIP,DC,DC
272,2022,MI,CSK,6000,CSK,MI,CSK,CSK
273,2022,RR,DC,5000,RR,RR,DC,RR
274,2022,GT,KKR,6000,GT,GT,KKR,GT
275,2022,RCB,SRH,6000,RCB,RCB,SRH,SRH
276,2022,LSG,MI,5000,MI,LSG,MI,LSG
277,2022,KXIP,CSK,6000,CSK,KXIP,CSK,KXIP
278,2022,RR,RCB,5000,RR,RR,RCB,RR
279,2022,SRH,GT,5000,SRH,SRH,GT,GT
280,2022,KKR,DC,5000,KKR,KKR,DC,DC
281,2022,LSG,KXIP,5000,LSG,LSG,KXIP,LSG
282,2022,RCB,GT,5000,GT,RCB,GT,GT
283,2022,RR,MI,5000,MI,RR,MI,MI
284,2022,LSG,DC,6000,LSG,LSG,DC,LSG
285,2022,CSK,SRH,6000,CSK,CSK,SRH,CSK
286,2022,RR,KKR,5000,RR,RR,KKR,KKR
287,2022,GT,KXIP,4000,KXIP,GT,KXIP,KXIP
288,2022,RCB,CSK,5000,CSK,RCB,CSK,RCB
289,2022,DC,SRH,6000,SRH,DC,SRH,DC
290,2022,MI,GT,6000,MI,MI,GT,MI
291,2022,KXIP,RR,5000,RR,KXIP,RR,RR
292,2022,LSG,KKR,7000,LSG,LSG,KKR,LSG
293,2022,RCB,SRH,5000,SRH,RCB,SRH,RCB
294,2022,CSK,DC,6000,CSK,CSK,DC,CSK
295,2022,KKR,MI,4000,MI,KKR,MI,KKR
296,2022,GT,LSG,6000,GT,GT,LSG,GT
297,2022,RR,DC,4000,RR,RR,DC,DC
298,2022,CSK,MI,5000,CSK,CSK,MI,MI
299,2022,KXIP,RCB,4000,RCB,KXIP,RCB,KXIP
300,2022,KKR,SRH,6000,KKR,KKR,SRH,KKR
301,2022,CSK,GT,4000,GT,CSK,GT,GT
302,2022,RR,LSG,5000,RR,RR,LSG,RR
303,2022,DC,KXIP,6000,KXIP,DC,KXIP,DC
304,2022,SRH,MI,5000,MI,SRH,MI,SRH
305,2022,LSG,KKR,4000,KKR,LSG,KKR,LSG
306,2022,GT,RCB,5000,GT,GT,RCB,RCB
307,2022,CSK,RR,4000,CSK,CSK,RR,RR
308,2022,DC,MI,6000,MI,DC,MI,MI
309,2022,SRH,KXIP,5000,KXIP,SRH,KXIP,KXIP
310,2022,RR,GT,4000,GT,RR,GT,GT
311,2022,RCB,LSG,6000,LSG,RCB,LSG,RCB
312,2022,RCB,RR,8000,RR,RCB,RR,RR
313,2022,RR,GT,5000,RR,RR,GT,GT
314,2023,CSK,GT,1000,GT,CSK,GT,GT
315,2023,KXIP,KKR,1000,KKR,KXIP,KKR,KXIP
316,2023,LSG,DC,1000,DC,LSG,DC,LSG
317,2023,RR,SRH,1000,SRH,RR,SRH,RR
318,2023,MI,RCB,1000,RCB,MI,RCB,RCB
319,2023,CSK,LSG,2000,LSG,CSK,LSG,CSK
320,2023,DC,GT,2000,GT,DC,GT,GT
321,2023,KXIP,RR,2000,RR,KXIP,RR,KXIP
322,2023,KKR,RCB,2000,RCB,KKR,RCB,KKR
323,2023,SRH,LSG,3000,LSG,SRH,LSG,LSG
324,2023,RR,DC,3000,DC,RR,DC,RR
325,2023,MI,CSK,3000,CSK,MI,CSK,CSK
326,2023,GT,KKR,4000,KKR,GT,KKR,KKR
327,2023,KXIP,SRH,3000,KXIP,KXIP,SRH,SRH
328,2023,RCB,LSG,4000,LSG,RCB,LSG,LSG
329,2023,DC,MI,5000,MI,DC,MI,MI
330,2023,RR,CSK,4000,CSK,RR,CSK,RR
331,2023,KXIP,GT,6000,KXIP,KXIP,GT,GT
332,2023,SRH,KKR,4000,SRH,SRH,KKR,SRH
333,2023,RCB,DC,4000,DC,RCB,DC,RCB
334,2023,LSG,KXIP,6000,KXIP,LSG,KXIP,KXIP
335,2023,KKR,MI,6000,MI,KKR,MI,MI
336,2023,GT,RR,4000,RR,GT,RR,RR
337,2023,CSK,RCB,5000,CSK,CSK,RCB,CSK
338,2023,MI,SRH,5000,MI,MI,SRH,MI
339,2023,LSG,RR,4000,RR,LSG,RR,LSG
340,2023,RCB,KXIP,5000,KXIP,RCB,KXIP,RCB
341,2023,KKR,DC,5000,DC,KKR,DC,DC
342,2023,SRH,CSK,5000,CSK,SRH,CSK,CSK
343,2023,GT,LSG,5000,GT,GT,LSG,GT
344,2023,KXIP,MI,5000,KXIP,KXIP,MI,KXIP
345,2023,RCB,RR,6000,RR,RCB,RR,RCB
346,2023,CSK,KKR,5000,CSK,CSK,KKR,CSK
347,2023,DC,SRH,4000,SRH,DC,SRH,DC
348,2023,GT,MI,4000,MI,GT,MI,GT
349,2023,KKR,RCB,6000,RCB,KKR,RCB,KKR
350,2023,RR,CSK,5000,RR,RR,CSK,RR
351,2023,LSG,KXIP,6000,KXIP,LSG,KXIP,LSG
352,2023,KKR,GT,6000,GT,KKR,GT,GT
353,2023,SRH,DC,4000,DC,SRH,DC,SRH
354,2023,CSK,KXIP,5000,KXIP,CSK,KXIP,KXIP
355,2023,RR,MI,6000,MI,RR,MI,MI
356,2023,RCB,LSG,5000,RCB,RCB,LSG,RCB
357,2023,DC,GT,8000,GT,DC,GT,DC
358,2023,LSG,CSK,4000,CSK,LSG,CSK,
359,2023,KXIP,MI,5000,KXIP,KXIP,MI,MI
360,2023,KKR,SRH,7000,SRH,KKR,SRH,KKR
361,2023,RR,GT,6000,GT,RR,GT,GT
362,2023,MI,CSK,5000,MI,MI,CSK,CSK
363,2023,RCB,DC,6000,RCB,RCB,DC,DC
364,2023,GT,LSG,5000,GT,GT,LSG,GT
365,2023,RR,SRH,6000,SRH,RR,SRH,SRH
366,2023,KXIP,KKR,6000,KXIP,KXIP,KKR,KKR
367,2023,RCB,MI,3000,MI,RCB,MI,MI
368,2023,CSK,DC,5000,CSK,CSK,DC,CSK
369,2023,KKR,RR,4000,RR,KKR,RR,RR
370,2023,MI,GT,4000,GT,MI,GT,MI
371,2023,SRH,LSG,4000,LSG,SRH,LSG,LSG
372,2023,KXIP,DC,5000,KXIP,KXIP,DC,KXIP
373,2023,RCB,RR,7000,RCB,RCB,RR,RCB
374,2023,CSK,KKR,5000,CSK,CSK,KKR,KKR
375,2023,GT,SRH,5000,SRH,GT,SRH,GT
376,2023,LSG,MI,5000,MI,LSG,MI,LSG
377,2023,DC,KXIP,5000,KXIP,DC,KXIP,DC
378,2023,SRH,RCB,5000,SRH,SRH,RCB,RCB
379,2023,KXIP,RR,4000,KXIP,KXIP,RR,RR
380,2023,CSK,DC,5000,CSK,CSK,DC,CSK
381,2023,LSG,KKR,7000,LSG,LSG,KKR,LSG
382,2023,SRH,MI,5000,SRH,SRH,MI,MI
383,2023,RCB,GT,4000,GT,RCB,GT,GT
384,2023,CSK,GT,6000,GT,CSK,GT,CSK
385,2023,MI,LSG,5000,MI,MI,LSG,MI
386,2023,GT,MI,5000,GT,GT,MI,GT
387,2023,GT,CSK,6000,GT,GT,CSK,CSK
388,2024,RCB,CSK,1000,CSK,RCB,CSK,CSK
389,2024,DC,KXIP,1000,KXIP,DC,KXIP,KXIP
390,2024,KKR,SRH,1000,SRH,KKR,SRH,KKR
391,2024,RR,LSG,1000,LSG,RR,LSG,RR
392,2024,GT,MI,1000,MI,GT,MI,GT
393,2024,KXIP,RCB,3000,RCB,KXIP,RCB,RCB
394,2024,CSK,GT,3000,GT,CSK,GT,CSK
395,2024,SRH,MI,2000,MI,SRH,MI,SRH
396,2024,RR,DC,2000,DC,RR,DC,RR
397,2024,RCB,KKR,3000,KKR,RCB,KKR,KKR
398,2024,LSG,KXIP,3000,KXIP,LSG,KXIP,LSG
399,2024,SRH,GT,3000,GT,SRH,GT,GT
400,2024,DC,CSK,3000,CSK,DC,CSK,DC
401,2024,MI,RR,5000,RR,MI,RR,RR
402,2024,LSG,RCB,4000,RCB,LSG,RCB,LSG
403,2024,KKR,DC,4000,DC,KKR,DC,KKR
404,2024,GT,KXIP,4000,KXIP,GT,KXIP,KXIP
405,2024,CSK,SRH,4000,SRH,CSK,SRH,SRH
406,2024,RCB,RR,4000,RR,RCB,RR,RR
407,2024,MI,DC,5000,DC,MI,DC,MI
408,2024,LSG,GT,5000,LSG,LSG,GT,LSG
409,2024,KKR,CSK,4000,KKR,KKR,CSK,CSK
410,2024,SRH,KXIP,5000,SRH,SRH,KXIP,SRH
411,2024,RR,GT,5000,RR,RR,GT,GT
412,2024,RCB,MI,6000,RCB,RCB,MI,MI
413,2024,LSG,DC,4000,DC,LSG,DC,DC
414,2024,KXIP,RR,4000,RR,KXIP,RR,RR
415,2024,LSG,KKR,4000,KKR,LSG,KKR,KKR
416,2024,CSK,MI,4000,MI,CSK,MI,CSK
417,2024,SRH,RCB,5000,SRH,SRH,RCB,SRH
418,2024,KKR,RR,4000,RR,KKR,RR,RR
419,2024,GT,DC,5000,GT,GT,DC,DC
420,2024,MI,KXIP,6000,KXIP,MI,KXIP,MI
421,2024,CSK,LSG,5000,LSG,CSK,LSG,LSG
422,2024,SRH,DC,5000,SRH,SRH,DC,SRH
423,2024,KKR,RCB,5000,KKR,KKR,RCB,KKR
424,2024,KXIP,GT,5000,KXIP,KXIP,GT,GT
425,2024,MI,RR,6000,RR,MI,RR,RR
426,2024,CSK,LSG,5000,LSG,CSK,LSG,LSG
427,2024,DC,GT,5000,GT,DC,GT,DC
428,2024,RCB,SRH,5000,SRH,RCB,SRH,RCB
429,2024,KKR,KXIP,5000,KKR,KKR,KXIP,KXIP
430,2024,DC,MI,5000,MI,DC,MI,DC
431,2024,LSG,RR,4000,LSG,LSG,RR,RR
432,2024,GT,RCB,4000,RCB,GT,RCB,RCB
433,2024,CSK,SRH,4000,SRH,CSK,SRH,CSK
434,2024,DC,KKR,3000,KKR,DC,KKR,KKR
435,2024,MI,LSG,8000,LSG,MI,LSG,LSG
436,2024,CSK,KXIP,5000,CSK,CSK,KXIP,KXIP
437,2024,SRH,RR,6000,SRH,SRH,RR,SRH
438,2024,KKR,MI,7000,KKR,KKR,MI,KKR
439,2024,GT,RCB,4000,RCB,GT,RCB,RCB
440,2024,CSK,KXIP,5000,CSK,CSK,KXIP,CSK
441,2024,KKR,LSG,5000,LSG,KKR,LSG,KKR
442,2024,SRH,MI,4000,SRH,SRH,MI,MI
443,2024,DC,RR,5000,DC,DC,RR,DC
444,2024,LSG,SRH,8000,LSG,LSG,SRH,SRH
445,2024,RCB,KXIP,4000,RCB,RCB,KXIP,RCB
446,2024,GT,CSK,5000,GT,GT,CSK,GT
447,2024,KKR,MI,7000,KKR,KKR,MI,KKR
448,2024,RR,CSK,3000,CSK,RR,CSK,CSK
449,2024,RCB,DC,5000,DC,RCB,DC,RCB
450,2024,DC,LSG,5000,DC,DC,LSG,DC
451,2024,RR,KXIP,5000,RR,RR,KXIP,KXIP
452,2024,LSG,MI,5000,LSG,LSG,MI,LSG
453,2024,RCB,CSK,5000,CSK,RCB,CSK,RCB
454,2024,KXIP,SRH,5000,SRH,KXIP,SRH,SRH
455,2024,SRH,KKR,5000,SRH,SRH,KKR,KKR
456,2024,RCB,RR,5000,RR,RCB,RR,RR
457,2024,SRH,RR,4000,SRH,SRH,RR,SRH
458,2024,SRH,KKR,5000,SRH,SRH,KKR,KKR
2018.0,MI,CSK,0.5,MI
2018.0,DC,KXIP,0.2,KXIP
2018.0,RCB,KKR,0.5,KKR
2018.0,RR,SRH,0.3,SRH
2018.0,KKR,CSK,0.3,KKR
2018.0,RR,DC,0.3,DC
2018.0,MI,SRH,0.4,SRH
2018.0,KXIP,RCB,0.5,RCB
2018.0,MI,DC,0.4,DC
2018.0,KKR,SRH,0.4,KKR
2018.0,RR,RCB,0.4,RR
2018.0,KXIP,CSK,0.5,KXIP
2018.0,KKR,DC,0.5,DC
2018.0,MI,RCB,0.4,MI
2018.0,RR,KKR,0.4,RR
2018.0,KXIP,SRH,0.5,KXIP
2018.0,CSK,RR,0.5,RR
2018.0,KKR,KXIP,0.4,KKR
2018.0,DC,RCB,0.5,RCB
2018.0,CSK,SRH,0.5,CSK
2018.0,MI,RR,0.4,RR
2018.0,KXIP,DC,0.3,DC
2018.0,SRH,MI,0.4,MI
2018.0,RCB,CSK,0.4,CSK
2018.0,SRH,KXIP,0.6,KXIP
2018.0,DC,KKR,0.5,DC
2018.0,CSK,MI,0.5,MI
2018.0,SRH,RR,0.4,RR
2018.0,RCB,KKR,0.5,KKR
2018.0,CSK,DC,0.5,DC
2018.0,RCB,MI,0.4,MI
2018.0,DC,RR,0.4,DC
2018.0,CSK,KKR,0.5,KKR
2018.0,KXIP,MI,0.4,MI
2018.0,RCB,CSK,0.5,RCB
2018.0,DC,SRH,0.5,DC
2018.0,MI,KKR,0.5,MI
2018.0,RR,KXIP,0.4,RR
2018.0,SRH,RCB,0.4,RCB
2018.0,RR,KXIP,0.4,RR
2018.0,MI,KKR,0.5,MI
2018.0,DC,SRH,0.5,DC
2018.0,CSK,RR,0.5,RR
2018.0,KKR,KXIP,0.4,KXIP
2018.0,DC,RCB,0.5,RCB
2018.0,SRH,CSK,0.6,CSK
2018.0,MI,RR,0.3,RR
2018.0,KXIP,RCB,0.4,RCB
2018.0,RR,KKR,0.3,KKR
2018.0,MI,KXIP,0.4,MI
2018.0,RCB,SRH,0.5,RCB
2018.0,DC,CSK,0.5,DC
2018.0,RR,RCB,0.5,RR
2018.0,SRH,KKR,0.4,KKR
2018.0,DC,MI,0.5,DC
2018.0,KXIP,CSK,0.4,CSK
2018.0,SRH,CSK,0.5,CSK
2018.0,KKR,RR,0.3,KKR
2018.0,SRH,KKR,0.5,KKR
2018.0,SRH,CSK,0.5,CSK
2019.0,RCB,CSK,0.5,RCB
2019.0,SRH,KKR,0.3,KKR
2019.0,DC,MI,0.5,DC
2019.0,KXIP,RR,0.4,RR
2019.0,DC,CSK,0.4,DC
2019.0,KKR,KXIP,0.4,KXIP
2019.0,MI,RCB,0.4,MI
2019.0,RR,SRH,0.4,RR
2019.0,MI,KXIP,0.4,KXIP
2019.0,KKR,DC,0.5,DC
2019.0,SRH,RCB,0.5,RCB
2019.0,CSK,RR,0.5,RR
2019.0,KXIP,DC,0.5,KXIP
2019.0,RCB,RR,0.4,RR
2019.0,MI,CSK,0.5,MI
2019.0,DC,SRH,0.4,DC
2019.0,RCB,KKR,0.4,KKR
2019.0,CSK,KXIP,0.6,KXIP
2019.0,MI,SRH,0.5,SRH
2019.0,RCB,DC,0.4,DC
2019.0,RR,KKR,0.3,KKR
2019.0,SRH,KXIP,0.6,KXIP
2019.0,KKR,CSK,0.4,CSK
2019.0,KXIP,MI,0.5,KXIP
2019.0,RR,CSK,0.5,RR
2019.0,KKR,DC,0.5,DC
2019.0,MI,RR,0.5,RR
2019.0,KXIP,RCB,0.5,RCB
2019.0,KKR,CSK,0.4,CSK
2019.0,DC,SRH,0.4,SRH
2019.0,RCB,MI,0.4,MI
2019.0,KXIP,RR,0.5,RR
2019.0,CSK,SRH,0.4,SRH
2019.0,MI,DC,0.5,DC
2019.0,RCB,KKR,0.4,KKR
2019.0,MI,RR,0.5,RR
2019.0,KXIP,DC,0.4,KXIP
2019.0,KKR,SRH,0.4,SRH
2019.0,RCB,CSK,0.6,RCB
2019.0,RR,DC,0.4,DC
2019.0,SRH,CSK,0.4,SRH
2019.0,RCB,KXIP,0.6,RCB
2019.0,KKR,RR,0.4,RR
2019.0,MI,CSK,0.5,MI
2019.0,SRH,RR,0.4,RR
2019.0,DC,RCB,0.4,RCB
2019.0,KKR,MI,0.4,KKR
2019.0,SRH,KXIP,0.5,KXIP
2019.0,RCB,RR,0.5,RR
2019.0,CSK,DC,0.5,DC
2019.0,MI,SRH,0.5,SRH
2019.0,KXIP,KKR,0.6,KKR
2019.0,RR,DC,0.4,DC
2019.0,SRH,RCB,0.5,RCB
2019.0,CSK,KXIP,0.5,KXIP
2019.0,KKR,MI,0.4,KKR
2019.0,CSK,MI,0.4,MI
2019.0,SRH,DC,0.5,SRH
2019.0,DC,CSK,0.5,DC
2019.0,MI,CSK,0.4,MI
2020.0,MI,CSK,0.3,MI
2020.0,DC,KXIP,0.6,KXIP
2020.0,RCB,SRH,0.4,RCB
2020.0,RR,CSK,0.5,RR
2020.0,MI,KKR,0.4,KKR
2020.0,KXIP,RCB,0.3,RCB
2020.0,DC,CSK,0.4,DC
2020.0,SRH,KKR,0.4,KKR
2020.0,KXIP,RR,0.4,RR
2020.0,RCB,MI,0.5,RCB
2020.0,SRH,DC,0.5,SRH
2020.0,KKR,RR,0.4,RR
2020.0,MI,KXIP,0.4,KXIP
2020.0,SRH,CSK,0.5,SRH
2020.0,RR,RCB,0.5,RR
2020.0,DC,KKR,0.5,KKR
2020.0,KXIP,CSK,0.7,KXIP
2020.0,MI,SRH,0.5,SRH
2020.0,DC,RCB,0.5,RCB
2020.0,MI,RR,0.4,RR
2020.0,KKR,CSK,0.4,CSK
2020.0,SRH,KXIP,0.5,KXIP
2020.0,DC,RR,0.4,DC
2020.0,KKR,KXIP,0.4,KXIP
2020.0,RCB,CSK,0.5,RCB
2020.0,SRH,RR,0.5,SRH
2020.0,DC,MI,0.5,DC
2020.0,RCB,KKR,0.4,KKR
2020.0,CSK,SRH,0.4,SRH
2020.0,DC,RR,0.4,DC
2020.0,RCB,KXIP,0.6,RCB
2020.0,KKR,MI,0.4,KKR
2020.0,CSK,DC,0.5,DC
2020.0,RR,RCB,0.5,RR
2020.0,KKR,SRH,0.5,KKR
2020.0,MI,KXIP,0.4,MI
2020.0,CSK,RR,0.4,RR
2020.0,DC,KXIP,0.5,KXIP
2020.0,KKR,RCB,0.4,KKR
2020.0,RR,SRH,0.5,SRH
2020.0,CSK,MI,0.3,MI
2020.0,KKR,DC,0.4,KKR
2020.0,KXIP,SRH,0.5,KXIP
2020.0,MI,RR,0.5,RR
2020.0,RCB,CSK,0.4,CSK
2020.0,KKR,KXIP,0.4,KXIP
2020.0,SRH,DC,0.5,SRH
2020.0,RCB,MI,0.5,RCB
2020.0,KKR,CSK,0.4,CSK
2020.0,KXIP,RR,0.4,RR
2020.0,RCB,SRH,0.5,RCB
2020.0,DC,MI,0.5,DC
2020.0,KXIP,CSK,0.4,KXIP
2020.0,KKR,RR,0.6,KKR
2020.0,RCB,DC,0.5,RCB
2020.0,MI,SRH,0.5,SRH
2020.0,MI,DC,0.5,DC
2020.0,RCB,SRH,0.5,RCB
2020.0,DC,SRH,0.5,SRH
2020.0,DC,MI,0.5,DC
2021.0,MI,RCB,0.4,RCB
2021.0,CSK,DC,0.5,DC
2021.0,KKR,SRH,0.3,SRH
2021.0,KXIP,RR,0.4,RR
2021.0,MI,KKR,0.4,MI
2021.0,RCB,SRH,0.3,SRH
2021.0,DC,RR,0.4,RR
2021.0,KXIP,CSK,0.5,KXIP
2021.0,MI,SRH,0.4,SRH
2021.0,RCB,KKR,0.3,KKR
2021.0,KXIP,DC,0.7,KXIP
2021.0,CSK,RR,0.6,RR
2021.0,MI,DC,0.5,DC
2021.0,KXIP,SRH,0.5,KXIP
2021.0,CSK,KKR,0.5,KKR
2021.0,RR,RCB,0.4,RCB
2021.0,MI,KXIP,0.5,KXIP
2021.0,KKR,RR,0.5,RR
2021.0,CSK,RCB,0.4,CSK
2021.0,DC,SRH,0.5,SRH
2021.0,KXIP,KKR,0.4,KKR
2021.0,RCB,DC,0.5,RCB
2021.0,SRH,CSK,0.5,CSK
2021.0,RR,MI,0.6,RR
2021.0,KKR,DC,0.5,DC
2021.0,KXIP,RCB,0.5,RCB
2021.0,CSK,MI,0.6,MI
2021.0,RR,SRH,0.4,SRH
2021.0,KXIP,DC,0.7,KXIP
2021.0,CSK,MI,0.6,MI
2021.0,RCB,KKR,0.4,KKR
2021.0,RR,KXIP,0.4,KXIP
2021.0,SRH,DC,0.4,DC
2021.0,MI,KKR,0.5,MI
2021.0,RCB,CSK,0.4,CSK
2021.0,DC,RR,0.5,RR
2021.0,KXIP,SRH,0.5,KXIP
2021.0,KKR,CSK,0.5,KKR
2021.0,RCB,MI,0.4,RCB
2021.0,RR,SRH,0.5,RR
2021.0,DC,KKR,0.4,KKR
2021.0,KXIP,MI,0.5,KXIP
2021.0,RR,RCB,0.4,RCB
2021.0,SRH,CSK,0.5,SRH
2021.0,KKR,KXIP,0.4,KXIP
2021.0,CSK,RR,0.6,RR
2021.0,MI,DC,0.4,DC
2021.0,RCB,KXIP,0.5,RCB
2021.0,SRH,KKR,0.4,SRH
2021.0,CSK,DC,0.5,DC
2021.0,RR,MI,0.7,RR
2021.0,SRH,RCB,0.5,SRH
2021.0,CSK,KXIP,0.5,KXIP
2021.0,KKR,RR,0.5,RR
2021.0,MI,SRH,0.5,SRH
2021.0,DC,RCB,0.6,RCB
2021.0,DC,CSK,0.5,DC
2021.0,RCB,KKR,0.5,RCB
2021.0,DC,KKR,0.4,KKR
2021.0,CSK,KKR,0.4,KKR
2022.0,CSK,KKR,0.4,KKR
2022.0,MI,DC,0.5,MI
2022.0,RCB,KXIP,0.5,KXIP
2022.0,LSG,GT,0.0,GT
2022.0,RR,SRH,0.4,SRH
2022.0,KKR,RCB,0.5,RCB
2022.0,CSK,LSG,0.0,LSG
2022.0,KXIP,KKR,0.4,KKR
2022.0,RR,MI,0.4,RR
2022.0,GT,DC,0.0,DC
2022.0,KXIP,CSK,0.5,KXIP
2022.0,LSG,SRH,0.0,SRH
2022.0,RR,RCB,0.5,RR
2022.0,MI,KKR,0.5,MI
2022.0,DC,LSG,0.0,LSG
2022.0,KXIP,GT,0.0,GT
2022.0,CSK,SRH,0.4,SRH
2022.0,MI,RCB,0.4,RCB
2022.0,DC,KKR,0.5,DC
2022.0,RR,LSG,0.0,LSG
2022.0,GT,SRH,0.0,SRH
2022.0,CSK,RCB,0.5,CSK
2022.0,KXIP,MI,0.4,KXIP
2022.0,GT,RR,0.0,RR
2022.0,KKR,SRH,0.4,SRH
2022.0,LSG,MI,0.0,MI
2022.0,RCB,DC,0.6,RCB
2022.0,KXIP,SRH,0.5,KXIP
2022.0,CSK,GT,0.0,GT
2022.0,RR,KKR,0.4,KKR
2022.0,RCB,LSG,0.0,LSG
2022.0,KXIP,DC,0.5,KXIP
2022.0,MI,CSK,0.4,CSK
2022.0,RR,DC,0.4,RR
2022.0,GT,KKR,0.0,KKR
2022.0,RCB,SRH,0.4,SRH
2022.0,LSG,MI,0.0,MI
2022.0,KXIP,CSK,0.6,KXIP
2022.0,RR,RCB,0.4,RCB
2022.0,SRH,GT,0.0,GT
2022.0,KKR,DC,0.4,DC
2022.0,LSG,KXIP,0.0,KXIP
2022.0,RCB,GT,0.0,GT
2022.0,RR,MI,0.4,RR
2022.0,LSG,DC,0.0,DC
2022.0,CSK,SRH,0.4,SRH
2022.0,RR,KKR,0.4,RR
2022.0,GT,KXIP,0.0,KXIP
2022.0,RCB,CSK,0.6,CSK
2022.0,DC,SRH,0.6,SRH
2022.0,MI,GT,0.0,GT
2022.0,KXIP,RR,0.4,RR
2022.0,LSG,KKR,0.0,KKR
2022.0,RCB,SRH,0.5,SRH
2022.0,CSK,DC,0.6,CSK
2022.0,KKR,MI,0.5,MI
2022.0,GT,LSG,0.0,LSG
2022.0,RR,DC,0.4,DC
2022.0,CSK,MI,0.4,MI
2022.0,KXIP,RCB,0.5,KXIP
2022.0,KKR,SRH,0.4,SRH
2022.0,CSK,GT,0.0,GT
2022.0,RR,LSG,0.0,LSG
2022.0,DC,KXIP,0.5,KXIP
2022.0,SRH,MI,0.5,SRH
2022.0,LSG,KKR,0.0,KKR
2022.0,GT,RCB,0.0,RCB
2022.0,CSK,RR,0.5,RR
2022.0,DC,MI,0.4,MI
2022.0,SRH,KXIP,0.5,KXIP
2022.0,RR,GT,0.0,GT
2022.0,RCB,LSG,0.0,LSG
2022.0,RCB,RR,0.5,RR
2022.0,RR,GT,0.0,GT
2023.0,CSK,GT,0.0,GT
2023.0,KXIP,KKR,0.4,KKR
2023.0,LSG,DC,0.0,DC
2023.0,RR,SRH,0.4,SRH
2023.0,MI,RCB,0.4,RCB
2023.0,CSK,LSG,0.0,LSG
2023.0,DC,GT,0.0,GT
2023.0,KXIP,RR,0.4,KXIP
2023.0,KKR,RCB,0.4,RCB
2023.0,SRH,LSG,0.0,LSG
2023.0,RR,DC,0.4,DC
2023.0,MI,CSK,0.4,CSK
2023.0,GT,KKR,0.0,KKR
2023.0,KXIP,SRH,0.4,KXIP
2023.0,RCB,LSG,0.0,LSG
2023.0,DC,MI,0.5,MI
2023.0,RR,CSK,0.6,RR
2023.0,KXIP,GT,0.0,GT
2023.0,SRH,KKR,0.5,KKR
2023.0,RCB,DC,0.5,RCB
2023.0,LSG,KXIP,0.0,KXIP
2023.0,KKR,MI,0.6,MI
2023.0,GT,RR,0.0,RR
2023.0,CSK,RCB,0.4,RCB
2023.0,MI,SRH,0.4,SRH
2023.0,LSG,RR,0.0,RR
2023.0,RCB,KXIP,0.6,KXIP
2023.0,KKR,DC,0.5,DC
2023.0,SRH,CSK,0.5,SRH
2023.0,GT,LSG,0.0,LSG
2023.0,KXIP,MI,0.5,KXIP
2023.0,RCB,RR,0.5,RR
2023.0,CSK,KKR,0.5,KKR
2023.0,DC,SRH,0.4,SRH
2023.0,GT,MI,0.0,MI
2023.0,KKR,RCB,0.4,RCB
2023.0,RR,CSK,0.6,RR
2023.0,LSG,KXIP,0.0,KXIP
2023.0,KKR,GT,0.0,GT
2023.0,SRH,DC,0.4,DC
2023.0,CSK,KXIP,0.6,KXIP
2023.0,RR,MI,0.4,MI
2023.0,RCB,LSG,0.0,LSG
2023.0,DC,GT,0.0,GT
2023.0,LSG,CSK,0.0,CSK
2023.0,KXIP,MI,0.5,KXIP
2023.0,KKR,SRH,0.5,KKR
2023.0,RR,GT,0.0,GT
2023.0,MI,CSK,0.6,MI
2023.0,RCB,DC,0.5,RCB
2023.0,GT,LSG,0.0,LSG
2023.0,RR,SRH,0.3,SRH
2023.0,KXIP,KKR,0.4,KKR
2023.0,RCB,MI,0.6,MI
2023.0,CSK,DC,0.5,CSK
2023.0,KKR,RR,0.4,RR
2023.0,MI,GT,0.0,GT
2023.0,SRH,LSG,0.0,LSG
2023.0,KXIP,DC,0.5,KXIP
2023.0,RCB,RR,0.5,RR
2023.0,CSK,KKR,0.4,KKR
2023.0,GT,SRH,0.0,SRH
2023.0,LSG,MI,0.0,MI
2023.0,DC,KXIP,0.5,KXIP
2023.0,SRH,RCB,0.5,SRH
2023.0,KXIP,RR,0.4,RR
2023.0,CSK,DC,0.5,CSK
2023.0,LSG,KKR,0.0,KKR
2023.0,SRH,MI,0.4,MI
2023.0,RCB,GT,0.0,GT
2023.0,CSK,GT,0.0,GT
2023.0,MI,LSG,0.0,LSG
2023.0,GT,MI,0.0,MI
2023.0,GT,CSK,0.0,CSK
2024.0,RCB,CSK,0.4,CSK
2024.0,DC,KXIP,0.5,KXIP
2024.0,KKR,SRH,0.4,KKR
2024.0,RR,LSG,0.0,LSG
2024.0,GT,MI,0.0,MI
2024.0,KXIP,RCB,0.5,KXIP
2024.0,CSK,GT,0.0,GT
2024.0,SRH,MI,0.4,SRH
2024.0,RR,DC,0.5,DC
2024.0,RCB,KKR,0.5,KKR
2024.0,LSG,KXIP,0.0,KXIP
2024.0,SRH,GT,0.0,GT
2024.0,DC,CSK,0.5,DC
2024.0,MI,RR,0.4,RR
2024.0,LSG,RCB,0.0,RCB
2024.0,KKR,DC,0.4,DC
2024.0,GT,KXIP,0.0,KXIP
2024.0,CSK,SRH,0.5,SRH
2024.0,RCB,RR,0.4,RR
2024.0,MI,DC,0.4,DC
2024.0,LSG,GT,0.0,GT
2024.0,KKR,CSK,0.5,KKR
2024.0,SRH,KXIP,0.4,SRH
2024.0,RR,GT,0.0,GT
2024.0,RCB,MI,0.4,MI
2024.0,LSG,DC,0.0,DC
2024.0,KXIP,RR,0.4,KXIP
2024.0,LSG,KKR,0.0,KKR
2024.0,CSK,MI,0.6,MI
2024.0,SRH,RCB,0.4,RCB
2024.0,KKR,RR,0.6,KKR
2024.0,GT,DC,0.0,DC
2024.0,MI,KXIP,0.4,KXIP
2024.0,CSK,LSG,0.0,LSG
2024.0,SRH,DC,0.5,SRH
2024.0,KKR,RCB,0.4,RCB
2024.0,KXIP,GT,0.0,GT
2024.0,MI,RR,0.5,MI
2024.0,CSK,LSG,0.0,LSG
2024.0,DC,GT,0.0,GT
2024.0,RCB,SRH,0.5,SRH
2024.0,KKR,KXIP,0.4,KXIP
2024.0,DC,MI,0.5,MI
2024.0,LSG,RR,0.0,RR
2024.0,GT,RCB,0.0,RCB
2024.0,CSK,SRH,0.5,SRH
2024.0,DC,KKR,0.4,KKR
2024.0,MI,LSG,0.0,LSG
2024.0,CSK,KXIP,0.7,KXIP
2024.0,SRH,RR,0.5,SRH
2024.0,KKR,MI,0.4,KKR
2024.0,GT,RCB,0.0,RCB
2024.0,CSK,KXIP,0.7,KXIP
2024.0,KKR,LSG,0.0,LSG
2024.0,SRH,MI,0.4,SRH
2024.0,DC,RR,0.5,DC
2024.0,LSG,SRH,0.0,SRH
2024.0,RCB,KXIP,0.4,KXIP
2024.0,GT,CSK,0.0,CSK
2024.0,KKR,MI,0.4,KKR
2024.0,RR,CSK,0.6,RR
2024.0,RCB,DC,0.5,RCB
2024.0,DC,LSG,0.0,LSG
2024.0,RR,KXIP,0.4,KXIP
2024.0,LSG,MI,0.0,MI
2024.0,RCB,CSK,0.5,RCB
2024.0,KXIP,SRH,0.5,SRH
2024.0,SRH,KKR,0.4,SRH
2024.0,RCB,RR,0.5,RR
2024.0,SRH,RR,0.5,SRH
2024.0,SRH,KKR,0.4,SRH
2018.0,MI,CSK,0.5,MI
2018.0,DC,KXIP,0.2,KXIP
2018.0,RCB,KKR,0.5,KKR
2018.0,RR,SRH,0.3,SRH
2018.0,KKR,CSK,0.3,KKR
2018.0,RR,DC,0.3,DC
2018.0,MI,SRH,0.4,SRH
2018.0,KXIP,RCB,0.5,RCB
2018.0,MI,DC,0.4,DC
2018.0,KKR,SRH,0.4,KKR
2018.0,RR,RCB,0.4,RR
2018.0,KXIP,CSK,0.5,KXIP
2018.0,KKR,DC,0.5,DC
2018.0,MI,RCB,0.4,MI
2018.0,RR,KKR,0.4,RR
2018.0,KXIP,SRH,0.5,KXIP
2018.0,CSK,RR,0.5,RR
2018.0,KKR,KXIP,0.4,KKR
2018.0,DC,RCB,0.5,RCB
2018.0,CSK,SRH,0.5,CSK
2018.0,MI,RR,0.4,RR
2018.0,KXIP,DC,0.3,DC
2018.0,SRH,MI,0.4,MI
2018.0,RCB,CSK,0.4,CSK
2018.0,SRH,KXIP,0.6,KXIP
2018.0,DC,KKR,0.5,DC
2018.0,CSK,MI,0.5,MI
2018.0,SRH,RR,0.4,RR
2018.0,RCB,KKR,0.5,KKR
2018.0,CSK,DC,0.5,DC
2018.0,RCB,MI,0.4,MI
2018.0,DC,RR,0.4,DC
2018.0,CSK,KKR,0.5,KKR
2018.0,KXIP,MI,0.4,MI
2018.0,RCB,CSK,0.5,RCB
2018.0,DC,SRH,0.5,DC
2018.0,MI,KKR,0.5,MI
2018.0,RR,KXIP,0.4,RR
2018.0,SRH,RCB,0.4,RCB
2018.0,RR,KXIP,0.4,RR
2018.0,MI,KKR,0.5,MI
2018.0,DC,SRH,0.5,DC
2018.0,CSK,RR,0.5,RR
2018.0,KKR,KXIP,0.4,KXIP
2018.0,DC,RCB,0.5,RCB
2018.0,SRH,CSK,0.6,CSK
2018.0,MI,RR,0.3,RR
2018.0,KXIP,RCB,0.4,RCB
2018.0,RR,KKR,0.3,KKR
2018.0,MI,KXIP,0.4,MI
2018.0,RCB,SRH,0.5,RCB
2018.0,DC,CSK,0.5,DC
2018.0,RR,RCB,0.5,RR
2018.0,SRH,KKR,0.4,KKR
2018.0,DC,MI,0.5,DC
2018.0,KXIP,CSK,0.4,CSK
2018.0,SRH,CSK,0.5,CSK
2018.0,KKR,RR,0.3,KKR
2018.0,SRH,KKR,0.5,KKR
2018.0,SRH,CSK,0.5,CSK
2019.0,RCB,CSK,0.5,RCB
2019.0,SRH,KKR,0.3,KKR
2019.0,DC,MI,0.5,DC
2019.0,KXIP,RR,0.4,RR
2019.0,DC,CSK,0.4,DC
2019.0,KKR,KXIP,0.4,KXIP
2019.0,MI,RCB,0.4,MI
2019.0,RR,SRH,0.4,RR
2019.0,MI,KXIP,0.4,KXIP
2019.0,KKR,DC,0.5,DC
2019.0,SRH,RCB,0.5,RCB
2019.0,CSK,RR,0.5,RR
2019.0,KXIP,DC,0.5,KXIP
2019.0,RCB,RR,0.4,RR
2019.0,MI,CSK,0.5,MI
2019.0,DC,SRH,0.4,DC
2019.0,RCB,KKR,0.4,KKR
2019.0,CSK,KXIP,0.6,KXIP
2019.0,MI,SRH,0.5,SRH
2019.0,RCB,DC,0.4,DC
2019.0,RR,KKR,0.3,KKR
2019.0,SRH,KXIP,0.6,KXIP
2019.0,KKR,CSK,0.4,CSK
2019.0,KXIP,MI,0.5,KXIP
2019.0,RR,CSK,0.5,RR
2019.0,KKR,DC,0.5,DC
2019.0,MI,RR,0.5,RR
2019.0,KXIP,RCB,0.5,RCB
2019.0,KKR,CSK,0.4,CSK
2019.0,DC,SRH,0.4,SRH
2019.0,RCB,MI,0.4,MI
2019.0,KXIP,RR,0.5,RR
2019.0,CSK,SRH,0.4,SRH
2019.0,MI,DC,0.5,DC
2019.0,RCB,KKR,0.4,KKR
2019.0,MI,RR,0.5,RR
2019.0,KXIP,DC,0.4,KXIP
2019.0,KKR,SRH,0.4,SRH
2019.0,RCB,CSK,0.6,RCB
2019.0,RR,DC,0.4,DC
2019.0,SRH,CSK,0.4,SRH
2019.0,RCB,KXIP,0.6,RCB
2019.0,KKR,RR,0.4,RR
2019.0,MI,CSK,0.5,MI
2019.0,SRH,RR,0.4,RR
2019.0,DC,RCB,0.4,RCB
2019.0,KKR,MI,0.4,KKR
2019.0,SRH,KXIP,0.5,KXIP
2019.0,RCB,RR,0.5,RR
2019.0,CSK,DC,0.5,DC
2019.0,MI,SRH,0.5,SRH
2019.0,KXIP,KKR,0.6,KKR
2019.0,RR,DC,0.4,DC
2019.0,SRH,RCB,0.5,RCB
2019.0,CSK,KXIP,0.5,KXIP
2019.0,KKR,MI,0.4,KKR
2019.0,CSK,MI,0.4,MI
2019.0,SRH,DC,0.5,SRH
2019.0,DC,CSK,0.5,DC
2019.0,MI,CSK,0.4,MI
2020.0,MI,CSK,0.3,MI
2020.0,DC,KXIP,0.6,KXIP
2020.0,RCB,SRH,0.4,RCB
2020.0,RR,CSK,0.5,RR
2020.0,MI,KKR,0.4,KKR
2020.0,KXIP,RCB,0.3,RCB
2020.0,DC,CSK,0.4,DC
2020.0,SRH,KKR,0.4,KKR
2020.0,KXIP,RR,0.4,RR
2020.0,RCB,MI,0.5,RCB
2020.0,SRH,DC,0.5,SRH
2020.0,KKR,RR,0.4,RR
2020.0,MI,KXIP,0.4,KXIP
2020.0,SRH,CSK,0.5,SRH
2020.0,RR,RCB,0.5,RR
2020.0,DC,KKR,0.5,KKR
2020.0,KXIP,CSK,0.7,KXIP
2020.0,MI,SRH,0.5,SRH
2020.0,DC,RCB,0.5,RCB
2020.0,MI,RR,0.4,RR
2020.0,KKR,CSK,0.4,CSK
2020.0,SRH,KXIP,0.5,KXIP
2020.0,DC,RR,0.4,DC
2020.0,KKR,KXIP,0.4,KXIP
2020.0,RCB,CSK,0.5,RCB
2020.0,SRH,RR,0.5,SRH
2020.0,DC,MI,0.5,DC
2020.0,RCB,KKR,0.4,KKR
2020.0,CSK,SRH,0.4,SRH
2020.0,DC,RR,0.4,DC
2020.0,RCB,KXIP,0.6,RCB
2020.0,KKR,MI,0.4,KKR
2020.0,CSK,DC,0.5,DC
2020.0,RR,RCB,0.5,RR
2020.0,KKR,SRH,0.5,KKR
2020.0,MI,KXIP,0.4,MI
2020.0,CSK,RR,0.4,RR
2020.0,DC,KXIP,0.5,KXIP
2020.0,KKR,RCB,0.4,KKR
2020.0,RR,SRH,0.5,SRH
2020.0,CSK,MI,0.3,MI
2020.0,KKR,DC,0.4,KKR
2020.0,KXIP,SRH,0.5,KXIP
2020.0,MI,RR,0.5,RR
2020.0,RCB,CSK,0.4,CSK
2020.0,KKR,KXIP,0.4,KXIP
2020.0,SRH,DC,0.5,SRH
2020.0,RCB,MI,0.5,RCB
2020.0,KKR,CSK,0.4,CSK
2020.0,KXIP,RR,0.4,RR
2020.0,RCB,SRH,0.5,RCB
2020.0,DC,MI,0.5,DC
2020.0,KXIP,CSK,0.4,KXIP
2020.0,KKR,RR,0.6,KKR
2020.0,RCB,DC,0.5,RCB
2020.0,MI,SRH,0.5,SRH
2020.0,MI,DC,0.5,DC
2020.0,RCB,SRH,0.5,RCB
2020.0,DC,SRH,0.5,SRH
2020.0,DC,MI,0.5,DC
2021.0,MI,RCB,0.4,RCB
2021.0,CSK,DC,0.5,DC
2021.0,KKR,SRH,0.3,SRH
2021.0,KXIP,RR,0.4,RR
2021.0,MI,KKR,0.4,MI
2021.0,RCB,SRH,0.3,SRH
2021.0,DC,RR,0.4,RR
2021.0,KXIP,CSK,0.5,KXIP
2021.0,MI,SRH,0.4,SRH
2021.0,RCB,KKR,0.3,KKR
2021.0,KXIP,DC,0.7,KXIP
2021.0,CSK,RR,0.6,RR
2021.0,MI,DC,0.5,DC
2021.0,KXIP,SRH,0.5,KXIP
2021.0,CSK,KKR,0.5,KKR
2021.0,RR,RCB,0.4,RCB
2021.0,MI,KXIP,0.5,KXIP
2021.0,KKR,RR,0.5,RR
2021.0,CSK,RCB,0.4,CSK
2021.0,DC,SRH,0.5,SRH
2021.0,KXIP,KKR,0.4,KKR
2021.0,RCB,DC,0.5,RCB
2021.0,SRH,CSK,0.5,CSK
2021.0,RR,MI,0.6,RR
2021.0,KKR,DC,0.5,DC
2021.0,KXIP,RCB,0.5,RCB
2021.0,CSK,MI,0.6,MI
2021.0,RR,SRH,0.4,SRH
2021.0,KXIP,DC,0.7,KXIP
2021.0,CSK,MI,0.6,MI
2021.0,RCB,KKR,0.4,KKR
2021.0,RR,KXIP,0.4,KXIP
2021.0,SRH,DC,0.4,DC
2021.0,MI,KKR,0.5,MI
2021.0,RCB,CSK,0.4,CSK
2021.0,DC,RR,0.5,RR
2021.0,KXIP,SRH,0.5,KXIP
2021.0,KKR,CSK,0.5,KKR
2021.0,RCB,MI,0.4,RCB
2021.0,RR,SRH,0.5,RR
2021.0,DC,KKR,0.4,KKR
2021.0,KXIP,MI,0.5,KXIP
2021.0,RR,RCB,0.4,RCB
2021.0,SRH,CSK,0.5,SRH
2021.0,KKR,KXIP,0.4,KXIP
2021.0,CSK,RR,0.6,RR
2021.0,MI,DC,0.4,DC
2021.0,RCB,KXIP,0.5,RCB
2021.0,SRH,KKR,0.4,SRH
2021.0,CSK,DC,0.5,DC
2021.0,RR,MI,0.7,RR
2021.0,SRH,RCB,0.5,SRH
2021.0,CSK,KXIP,0.5,KXIP
2021.0,KKR,RR,0.5,RR
2021.0,MI,SRH,0.5,SRH
2021.0,DC,RCB,0.6,RCB
2021.0,DC,CSK,0.5,DC
2021.0,RCB,KKR,0.5,RCB
2021.0,DC,KKR,0.4,KKR
2021.0,CSK,KKR,0.4,KKR
2022.0,CSK,KKR,0.4,KKR
2022.0,MI,DC,0.5,MI
2022.0,RCB,KXIP,0.5,KXIP
2022.0,LSG,GT,0.0,GT
2022.0,RR,SRH,0.4,SRH
2022.0,KKR,RCB,0.5,RCB
2022.0,CSK,LSG,0.0,LSG
2022.0,KXIP,KKR,0.4,KKR
2022.0,RR,MI,0.4,RR
2022.0,GT,DC,0.0,DC
2022.0,KXIP,CSK,0.5,KXIP
2022.0,LSG,SRH,0.0,SRH
2022.0,RR,RCB,0.5,RR
2022.0,MI,KKR,0.5,MI
2022.0,DC,LSG,0.0,LSG
2022.0,KXIP,GT,0.0,GT
2022.0,CSK,SRH,0.4,SRH
2022.0,MI,RCB,0.4,RCB
2022.0,DC,KKR,0.5,DC
2022.0,RR,LSG,0.0,LSG
2022.0,GT,SRH,0.0,SRH
2022.0,CSK,RCB,0.5,CSK
2022.0,KXIP,MI,0.4,KXIP
2022.0,GT,RR,0.0,RR
2022.0,KKR,SRH,0.4,SRH
2022.0,LSG,MI,0.0,MI
2022.0,RCB,DC,0.6,RCB
2022.0,KXIP,SRH,0.5,KXIP
2022.0,CSK,GT,0.0,GT
2022.0,RR,KKR,0.4,KKR
2022.0,RCB,LSG,0.0,LSG
2022.0,KXIP,DC,0.5,KXIP
2022.0,MI,CSK,0.4,CSK
2022.0,RR,DC,0.4,RR
2022.0,GT,KKR,0.0,KKR
2022.0,RCB,SRH,0.4,SRH
2022.0,LSG,MI,0.0,MI
2022.0,KXIP,CSK,0.6,KXIP
2022.0,RR,RCB,0.4,RCB
2022.0,SRH,GT,0.0,GT
2022.0,KKR,DC,0.4,DC
2022.0,LSG,KXIP,0.0,KXIP
2022.0,RCB,GT,0.0,GT
2022.0,RR,MI,0.4,RR
2022.0,LSG,DC,0.0,DC
2022.0,CSK,SRH,0.4,SRH
2022.0,RR,KKR,0.4,RR
2022.0,GT,KXIP,0.0,KXIP
2022.0,RCB,CSK,0.6,CSK
2022.0,DC,SRH,0.6,SRH
2022.0,MI,GT,0.0,GT
2022.0,KXIP,RR,0.4,RR
2022.0,LSG,KKR,0.0,KKR
2022.0,RCB,SRH,0.5,SRH
2022.0,CSK,DC,0.6,CSK
2022.0,KKR,MI,0.5,MI
2022.0,GT,LSG,0.0,LSG
2022.0,RR,DC,0.4,DC
2022.0,CSK,MI,0.4,MI
2022.0,KXIP,RCB,0.5,KXIP
2022.0,KKR,SRH,0.4,SRH
2022.0,CSK,GT,0.0,GT
2022.0,RR,LSG,0.0,LSG
2022.0,DC,KXIP,0.5,KXIP
2022.0,SRH,MI,0.5,SRH
2022.0,LSG,KKR,0.0,KKR
2022.0,GT,RCB,0.0,RCB
2022.0,CSK,RR,0.5,RR
2022.0,DC,MI,0.4,MI
2022.0,SRH,KXIP,0.5,KXIP
2022.0,RR,GT,0.0,GT
2022.0,RCB,LSG,0.0,LSG
2022.0,RCB,RR,0.5,RR
2022.0,RR,GT,0.0,GT
2023.0,CSK,GT,0.0,GT
2023.0,KXIP,KKR,0.4,KKR
2023.0,LSG,DC,0.0,DC
2023.0,RR,SRH,0.4,SRH
2023.0,MI,RCB,0.4,RCB
2023.0,CSK,LSG,0.0,LSG
2023.0,DC,GT,0.0,GT
2023.0,KXIP,RR,0.4,KXIP
2023.0,KKR,RCB,0.4,RCB
2023.0,SRH,LSG,0.0,LSG
2023.0,RR,DC,0.4,DC
2023.0,MI,CSK,0.4,CSK
2023.0,GT,KKR,0.0,KKR
2023.0,KXIP,SRH,0.4,KXIP
2023.0,RCB,LSG,0.0,LSG
2023.0,DC,MI,0.5,MI
2023.0,RR,CSK,0.6,RR
2023.0,KXIP,GT,0.0,GT
2023.0,SRH,KKR,0.5,KKR
2023.0,RCB,DC,0.5,RCB
2023.0,LSG,KXIP,0.0,KXIP
2023.0,KKR,MI,0.6,MI
2023.0,GT,RR,0.0,RR
2023.0,CSK,RCB,0.4,RCB
2023.0,MI,SRH,0.4,SRH
2023.0,LSG,RR,0.0,RR
2023.0,RCB,KXIP,0.6,KXIP
2023.0,KKR,DC,0.5,DC
2023.0,SRH,CSK,0.5,SRH
2023.0,GT,LSG,0.0,LSG
2023.0,KXIP,MI,0.5,KXIP
2023.0,RCB,RR,0.5,RR
2023.0,CSK,KKR,0.5,KKR
2023.0,DC,SRH,0.4,SRH
2023.0,GT,MI,0.0,MI
2023.0,KKR,RCB,0.4,RCB
2023.0,RR,CSK,0.6,RR
2023.0,LSG,KXIP,0.0,KXIP
2023.0,KKR,GT,0.0,GT
2023.0,SRH,DC,0.4,DC
2023.0,CSK,KXIP,0.6,KXIP
2023.0,RR,MI,0.4,MI
2023.0,RCB,LSG,0.0,LSG
2023.0,DC,GT,0.0,GT
2023.0,LSG,CSK,0.0,CSK
2023.0,KXIP,MI,0.5,KXIP
2023.0,KKR,SRH,0.5,KKR
2023.0,RR,GT,0.0,GT
2023.0,MI,CSK,0.6,MI
2023.0,RCB,DC,0.5,RCB
2023.0,GT,LSG,0.0,LSG
2023.0,RR,SRH,0.3,SRH
2023.0,KXIP,KKR,0.4,KKR
2023.0,RCB,MI,0.6,MI
2023.0,CSK,DC,0.5,CSK
2023.0,KKR,RR,0.4,RR
2023.0,MI,GT,0.0,GT
2023.0,SRH,LSG,0.0,LSG
2023.0,KXIP,DC,0.5,KXIP
2023.0,RCB,RR,0.5,RR
2023.0,CSK,KKR,0.4,KKR
2023.0,GT,SRH,0.0,SRH
2023.0,LSG,MI,0.0,MI
2023.0,DC,KXIP,0.5,KXIP
2023.0,SRH,RCB,0.5,SRH
2023.0,KXIP,RR,0.4,RR
2023.0,CSK,DC,0.5,CSK
2023.0,LSG,KKR,0.0,KKR
2023.0,SRH,MI,0.4,MI
2023.0,RCB,GT,0.0,GT
2023.0,CSK,GT,0.0,GT
2023.0,MI,LSG,0.0,LSG
2023.0,GT,MI,0.0,MI
2023.0,GT,CSK,0.0,CSK
2024.0,RCB,CSK,0.4,CSK
2024.0,DC,KXIP,0.5,KXIP
2024.0,KKR,SRH,0.4,KKR
2024.0,RR,LSG,0.0,LSG
2024.0,GT,MI,0.0,MI
2024.0,KXIP,RCB,0.5,KXIP
2024.0,CSK,GT,0.0,GT
2024.0,SRH,MI,0.4,SRH
2024.0,RR,DC,0.5,DC
2024.0,RCB,KKR,0.5,KKR
2024.0,LSG,KXIP,0.0,KXIP
2024.0,SRH,GT,0.0,GT
2024.0,DC,CSK,0.5,DC
2024.0,MI,RR,0.4,RR
2024.0,LSG,RCB,0.0,RCB
2024.0,KKR,DC,0.4,DC
2024.0,GT,KXIP,0.0,KXIP
2024.0,CSK,SRH,0.5,SRH
2024.0,RCB,RR,0.4,RR
2024.0,MI,DC,0.4,DC
2024.0,LSG,GT,0.0,GT
2024.0,KKR,CSK,0.5,KKR
2024.0,SRH,KXIP,0.4,SRH
2024.0,RR,GT,0.0,GT
2024.0,RCB,MI,0.4,MI
2024.0,LSG,DC,0.0,DC
2024.0,KXIP,RR,0.4,KXIP
2024.0,LSG,KKR,0.0,KKR
2024.0,CSK,MI,0.6,MI
2024.0,SRH,RCB,0.4,RCB
2024.0,KKR,RR,0.6,KKR
2024.0,GT,DC,0.0,DC
2024.0,MI,KXIP,0.4,KXIP
2024.0,CSK,LSG,0.0,LSG
2024.0,SRH,DC,0.5,SRH
2024.0,KKR,RCB,0.4,RCB
2024.0,KXIP,GT,0.0,GT
2024.0,MI,RR,0.5,MI
2024.0,CSK,LSG,0.0,LSG
2024.0,DC,GT,0.0,GT
2024.0,RCB,SRH,0.5,SRH
2024.0,KKR,KXIP,0.4,KXIP
2024.0,DC,MI,0.5,MI
2024.0,LSG,RR,0.0,RR
2024.0,GT,RCB,0.0,RCB
2024.0,CSK,SRH,0.5,SRH
2024.0,DC,KKR,0.4,KKR
2024.0,MI,LSG,0.0,LSG
2024.0,CSK,KXIP,0.7,KXIP
2024.0,SRH,RR,0.5,SRH
2024.0,KKR,MI,0.4,KKR
2024.0,GT,RCB,0.0,RCB
2024.0,CSK,KXIP,0.7,KXIP
2024.0,KKR,LSG,0.0,LSG
2024.0,SRH,MI,0.4,SRH
2024.0,DC,RR,0.5,DC
2024.0,LSG,SRH,0.0,SRH
2024.0,RCB,KXIP,0.4,KXIP
2024.0,GT,CSK,0.0,CSK
2024.0,KKR,MI,0.4,KKR
2024.0,RR,CSK,0.6,RR
2024.0,RCB,DC,0.5,RCB
2024.0,DC,LSG,0.0,LSG
2024.0,RR,KXIP,0.4,KXIP
2024.0,LSG,MI,0.0,MI
2024.0,RCB,CSK,0.5,RCB
2024.0,KXIP,SRH,0.5,SRH
2024.0,SRH,KKR,0.4,SRH
2024.0,RCB,RR,0.5,RR
2024.0,SRH,RR,0.5,SRH
2024.0,SRH,KKR,0.4,SRH
